2025-08-29 08:16:05,577 - Knowledge - INFO - Redis support added with prefix knowledge:b2300uw:
2025-08-29 08:16:05,738 - Knowledge - INFO - load persisted knowledge: begin
2025-08-29 08:16:05,743 - Knowledge - INFO - load persisted knowledge: end
2025-08-29 08:16:05,743 - Knowledge - INFO - load persisted docinfo: begin
2025-08-29 08:16:05,745 - Knowledge - INFO - load persisted docinfo: end
2025-08-29 08:16:05,770 - Knowledge - INFO - worker kw1 created with dedicated MongoDB connection (total: 1)
2025-08-29 08:16:05,771 - Knowledge - INFO - knowledge worker kw1 start
2025-08-29 08:16:05,771 - Knowledge - INFO - worker kw1 pull /app/data/b2c/13862/b2300uw/rialto-ocdm-13862/scripts/cpplint/cpplint.py from ingest queue
2025-08-29 08:16:05,772 - Knowledge - INFO - worker kw2 created with dedicated MongoDB connection (total: 2)
2025-08-29 08:16:05,773 - Knowledge - INFO - knowledge worker kw2 start
2025-08-29 08:16:05,774 - Knowledge - INFO - worker kw2 pull /app/data/b2c/13862/b2300uw/rialto-ocdm-13862/scripts/clang-format/process_clang-format_errors.py from ingest queue
2025-08-29 08:16:05,776 - Knowledge - INFO - worker kw3 created with dedicated MongoDB connection (total: 3)
2025-08-29 08:16:05,777 - Knowledge - INFO - knowledge worker kw3 start
2025-08-29 08:16:05,778 - Knowledge - INFO - worker kw4 created with dedicated MongoDB connection (total: 4)
2025-08-29 08:16:05,778 - Knowledge - INFO - knowledge worker kw4 start
2025-08-29 08:16:05,779 - Knowledge - INFO - worker kw5 created with dedicated MongoDB connection (total: 5)
2025-08-29 08:16:05,780 - Knowledge - INFO - knowledge worker kw5 start
2025-08-29 08:16:05,781 - Knowledge - INFO - worker kw6 created with dedicated MongoDB connection (total: 6)
2025-08-29 08:16:05,781 - Knowledge - INFO - knowledge worker kw6 start
2025-08-29 08:16:05,782 - Knowledge - INFO - worker kw7 created with dedicated MongoDB connection (total: 7)
2025-08-29 08:16:05,783 - Knowledge - INFO - knowledge worker kw7 start
2025-08-29 08:16:05,784 - Knowledge - INFO - worker kw7 pull /app/data/b2c/13862/b2300uw/rialto-ocdm-13862/scripts/valgrind/process_valgrind_results.py from ingest queue
2025-08-29 08:16:05,787 - Knowledge - INFO - worker kw8 created with dedicated MongoDB connection (total: 8)
2025-08-29 08:16:05,787 - Knowledge - INFO - knowledge worker kw8 start
2025-08-29 08:16:05,789 - Knowledge - INFO - worker kw9 created with dedicated MongoDB connection (total: 9)
2025-08-29 08:16:05,789 - Knowledge - INFO - knowledge worker kw9 start
2025-08-29 08:16:05,791 - Knowledge - INFO - worker kw10 created with dedicated MongoDB connection (total: 10)
2025-08-29 08:16:05,792 - Knowledge - INFO - knowledge worker kw10 start
2025-08-29 08:16:05,794 - Knowledge - INFO - worker kw11 created with dedicated MongoDB connection (total: 11)
2025-08-29 08:16:05,795 - Knowledge - INFO - knowledge worker kw11 start
2025-08-29 08:16:05,796 - Knowledge - INFO - worker kw12 created with dedicated MongoDB connection (total: 12)
2025-08-29 08:16:05,796 - Knowledge - INFO - knowledge worker kw12 start
2025-08-29 08:16:05,797 - Knowledge - INFO - worker kw11 pull /app/data/b2c/13862/b2300uw/rialto-ocdm-13862/TERMS.md from ingest queue
2025-08-29 08:16:05,799 - Knowledge - INFO - worker kw13 created with dedicated MongoDB connection (total: 13)
2025-08-29 08:16:05,799 - Knowledge - INFO - knowledge worker kw13 start
2025-08-29 08:16:05,801 - Knowledge - INFO - worker kw14 created with dedicated MongoDB connection (total: 14)
2025-08-29 08:16:05,801 - Knowledge - INFO - knowledge worker kw14 start
2025-08-29 08:16:05,804 - Knowledge - INFO - worker kw14 pull /app/data/b2c/13862/b2300uw/rialto-ocdm-13862/CMakeLists.txt from ingest queue
2025-08-29 08:16:05,805 - Knowledge - INFO - worker kw9 pull /app/data/b2c/13862/b2300uw/rialto-ocdm-13862/cmake/googletest.cmake from ingest queue
2025-08-29 08:16:05,806 - Knowledge - INFO - worker kw12 pull /app/data/b2c/13862/b2300uw/rialto-ocdm-13862/cmake/FindRialto.cmake from ingest queue
2025-08-29 08:16:05,807 - Knowledge - INFO - worker kw4 pull /app/data/b2c/13862/b2300uw/rialto-ocdm-13862/docs/index.html from ingest queue
2025-08-29 08:16:05,808 - Knowledge - INFO - worker kw6 pull /app/data/b2c/13862/b2300uw/rialto-ocdm-13862/library/include/OpenCDMSession.h from ingest queue
2025-08-29 08:16:05,812 - Knowledge - INFO - worker kw5 pull /app/data/b2c/13862/b2300uw/rialto-ocdm-13862/library/include/MediaKeysCapabilitiesBackend.h from ingest queue
2025-08-29 08:16:05,815 - Knowledge - INFO - worker kw3 pull /app/data/b2c/13862/b2300uw/rialto-ocdm-13862/library/include/OpenCDMSystemPrivate.h from ingest queue
2025-08-29 08:16:05,817 - Knowledge - INFO - worker kw8 pull /app/data/b2c/13862/b2300uw/rialto-ocdm-13862/library/include/MessageDispatcher.h from ingest queue
2025-08-29 08:16:05,820 - Knowledge - INFO - worker kw10 pull /app/data/b2c/13862/b2300uw/rialto-ocdm-13862/library/include/CdmBackend.h from ingest queue
2025-08-29 08:16:05,822 - Knowledge - INFO - worker kw13 pull /app/data/b2c/13862/b2300uw/rialto-ocdm-13862/library/include/RialtoGStreamerEMEProtectionMetadata.h from ingest queue
2025-08-29 08:16:05,825 - Knowledge - INFO - worker kw15 created with dedicated MongoDB connection (total: 15)
2025-08-29 08:16:05,826 - Knowledge - INFO - knowledge worker kw15 start
2025-08-29 08:16:05,830 - Knowledge - INFO - worker kw16 created with dedicated MongoDB connection (total: 16)
2025-08-29 08:16:05,831 - Knowledge - INFO - knowledge worker kw16 start
2025-08-29 08:16:05,832 - Knowledge - INFO - worker kw17 created with dedicated MongoDB connection (total: 17)
2025-08-29 08:16:05,832 - Knowledge - INFO - knowledge worker kw17 start
2025-08-29 08:16:05,833 - Knowledge - INFO - worker kw17 pull /app/data/b2c/13862/b2300uw/rialto-ocdm-13862/library/include/Logger.h from ingest queue
2025-08-29 08:16:05,834 - Knowledge - INFO - worker kw18 created with dedicated MongoDB connection (total: 18)
2025-08-29 08:16:05,835 - Knowledge - INFO - knowledge worker kw18 start
2025-08-29 08:16:05,837 - Knowledge - INFO - worker kw16 pull /app/data/b2c/13862/b2300uw/rialto-ocdm-13862/library/include/OpenCDMSystem.h from ingest queue
2025-08-29 08:16:05,841 - Knowledge - INFO - worker kw15 pull /app/data/b2c/13862/b2300uw/rialto-ocdm-13862/library/include/ActiveSessions.h from ingest queue
2025-08-29 08:16:05,841 - Knowledge - INFO - worker kw18 pull /app/data/b2c/13862/b2300uw/rialto-ocdm-13862/library/include/OpenCDMSessionPrivate.h from ingest queue
2025-08-29 08:16:05,900 - Knowledge - INFO - worker kw19 created with dedicated MongoDB connection (total: 19)
2025-08-29 08:16:05,901 - Knowledge - INFO - knowledge worker kw19 start
2025-08-29 08:16:05,904 - Knowledge - INFO - process ingested knowledge for /app/data/b2c/13862/b2300uw/rialto-ocdm-13862/TERMS.md
2025-08-29 08:16:05,906 - Knowledge - INFO - process ingested knowledge for /app/data/b2c/13862/b2300uw/rialto-ocdm-13862/cmake/googletest.cmake
2025-08-29 08:16:05,907 - Knowledge - INFO - worker kw19 pull /app/data/b2c/13862/b2300uw/rialto-ocdm-13862/library/include/IMessageDispatcher.h from ingest queue
2025-08-29 08:16:05,909 - Knowledge - INFO - process ingested knowledge for /app/data/b2c/13862/b2300uw/rialto-ocdm-13862/CMakeLists.txt
2025-08-29 08:16:05,913 - Knowledge - INFO - Found code-base-name: https://github.com/kavia-common/rialto-ocdm-13862.git:kavia-6.0.0-rc1
2025-08-29 08:16:05,913 - Knowledge - INFO - Found code_base: <app.utils.kg_build.knowledge.KnowledgeCodeBase object at 0x7f59a0ad26d0>
2025-08-29 08:16:05,913 - Knowledge - INFO - persist ingested knowledge for /app/data/b2c/13862/b2300uw/rialto-ocdm-13862/cmake/googletest.cmake
2025-08-29 08:16:05,913 - Knowledge - INFO - process ingested knowledge for /app/data/b2c/13862/b2300uw/rialto-ocdm-13862/scripts/clang-format/process_clang-format_errors.py
2025-08-29 08:16:05,917 - Knowledge - INFO - process ingested knowledge for /app/data/b2c/13862/b2300uw/rialto-ocdm-13862/cmake/FindRialto.cmake
2025-08-29 08:16:05,918 - Knowledge - INFO - worker kw20 created with dedicated MongoDB connection (total: 20)
2025-08-29 08:16:05,918 - Knowledge - INFO - knowledge worker kw20 start
2025-08-29 08:16:05,995 - Knowledge - INFO - process ingested knowledge for /app/data/b2c/13862/b2300uw/rialto-ocdm-13862/scripts/cpplint/cpplint.py
2025-08-29 08:16:05,995 - Knowledge - INFO - process ingested knowledge for /app/data/b2c/13862/b2300uw/rialto-ocdm-13862/docs/index.html
2025-08-29 08:16:06,001 - Knowledge - WARNING - High connection count: 21 connections active
2025-08-29 08:16:06,001 - Knowledge - INFO - worker kw21 created with dedicated MongoDB connection (total: 21)
2025-08-29 08:16:06,002 - Knowledge - INFO - knowledge worker kw21 start
2025-08-29 08:16:06,005 - Knowledge - INFO - process ingested knowledge for /app/data/b2c/13862/b2300uw/rialto-ocdm-13862/scripts/valgrind/process_valgrind_results.py
2025-08-29 08:16:06,010 - Knowledge - WARNING - High connection count: 22 connections active
2025-08-29 08:16:06,010 - Knowledge - INFO - worker kw22 created with dedicated MongoDB connection (total: 22)
2025-08-29 08:16:06,011 - Knowledge - INFO - knowledge worker kw22 start
2025-08-29 08:16:06,019 - Knowledge - WARNING - High connection count: 23 connections active
2025-08-29 08:16:06,019 - Knowledge - INFO - worker kw23 created with dedicated MongoDB connection (total: 23)
2025-08-29 08:16:06,021 - Knowledge - INFO - knowledge worker kw23 start
2025-08-29 08:16:06,021 - Knowledge - INFO - process ingested knowledge for /app/data/b2c/13862/b2300uw/rialto-ocdm-13862/library/include/OpenCDMSession.h
2025-08-29 08:16:06,025 - Knowledge - INFO - process ingested knowledge for /app/data/b2c/13862/b2300uw/rialto-ocdm-13862/library/include/CdmBackend.h
2025-08-29 08:16:06,027 - Knowledge - INFO - process ingested knowledge for /app/data/b2c/13862/b2300uw/rialto-ocdm-13862/library/include/Logger.h
2025-08-29 08:16:06,028 - Knowledge - INFO - process ingested knowledge for /app/data/b2c/13862/b2300uw/rialto-ocdm-13862/library/include/MessageDispatcher.h
2025-08-29 08:16:06,093 - Knowledge - WARNING - High connection count: 24 connections active
2025-08-29 08:16:06,093 - Knowledge - INFO - worker kw24 created with dedicated MongoDB connection (total: 24)
2025-08-29 08:16:06,093 - Knowledge - INFO - knowledge worker kw24 start
2025-08-29 08:16:06,093 - Knowledge - INFO - process ingested knowledge for /app/data/b2c/13862/b2300uw/rialto-ocdm-13862/library/include/MediaKeysCapabilitiesBackend.h
2025-08-29 08:16:06,101 - Knowledge - WARNING - High connection count: 25 connections active
2025-08-29 08:16:06,101 - Knowledge - INFO - worker kw25 created with dedicated MongoDB connection (total: 25)
2025-08-29 08:16:06,102 - Knowledge - INFO - process ingested knowledge for /app/data/b2c/13862/b2300uw/rialto-ocdm-13862/library/include/OpenCDMSessionPrivate.h
2025-08-29 08:16:06,103 - Knowledge - INFO - knowledge worker kw25 start
2025-08-29 08:16:06,103 - Knowledge - INFO - process ingested knowledge for /app/data/b2c/13862/b2300uw/rialto-ocdm-13862/library/include/OpenCDMSystemPrivate.h
2025-08-29 08:16:06,110 - Knowledge - INFO - process ingested knowledge for /app/data/b2c/13862/b2300uw/rialto-ocdm-13862/library/include/IMessageDispatcher.h
2025-08-29 08:16:06,111 - Knowledge - INFO - process ingested knowledge for /app/data/b2c/13862/b2300uw/rialto-ocdm-13862/library/include/ActiveSessions.h
2025-08-29 08:16:06,112 - Knowledge - INFO - process ingested knowledge for /app/data/b2c/13862/b2300uw/rialto-ocdm-13862/library/include/OpenCDMSystem.h
2025-08-29 08:16:06,112 - Knowledge - INFO - process ingested knowledge for /app/data/b2c/13862/b2300uw/rialto-ocdm-13862/library/include/RialtoGStreamerEMEProtectionMetadata.h
2025-08-29 08:16:06,126 - Knowledge - INFO - Found code-base-name: https://github.com/kavia-common/rialto-ocdm-13862.git:kavia-6.0.0-rc1
2025-08-29 08:16:06,126 - Knowledge - INFO - Found code_base: <app.utils.kg_build.knowledge.KnowledgeCodeBase object at 0x7f59a0ad26d0>
2025-08-29 08:16:06,126 - Knowledge - INFO - persist ingested knowledge for /app/data/b2c/13862/b2300uw/rialto-ocdm-13862/TERMS.md
2025-08-29 08:16:06,126 - Knowledge - INFO - Found code-base-name: https://github.com/kavia-common/rialto-ocdm-13862.git:kavia-6.0.0-rc1
2025-08-29 08:16:06,126 - Knowledge - INFO - Found code_base: <app.utils.kg_build.knowledge.KnowledgeCodeBase object at 0x7f59a0ad26d0>
2025-08-29 08:16:06,127 - Knowledge - INFO - persist ingested knowledge for /app/data/b2c/13862/b2300uw/rialto-ocdm-13862/CMakeLists.txt
2025-08-29 08:16:06,127 - Knowledge - INFO - Found code-base-name: https://github.com/kavia-common/rialto-ocdm-13862.git:kavia-6.0.0-rc1
2025-08-29 08:16:06,127 - Knowledge - INFO - Found code_base: <app.utils.kg_build.knowledge.KnowledgeCodeBase object at 0x7f59a0ad26d0>
2025-08-29 08:16:06,127 - Knowledge - INFO - persist ingested knowledge for /app/data/b2c/13862/b2300uw/rialto-ocdm-13862/cmake/FindRialto.cmake
2025-08-29 08:16:06,127 - Knowledge - INFO - Found code-base-name: https://github.com/kavia-common/rialto-ocdm-13862.git:kavia-6.0.0-rc1
2025-08-29 08:16:06,127 - Knowledge - INFO - Found code_base: <app.utils.kg_build.knowledge.KnowledgeCodeBase object at 0x7f59a0ad26d0>
2025-08-29 08:16:06,128 - Knowledge - INFO - persist ingested knowledge for /app/data/b2c/13862/b2300uw/rialto-ocdm-13862/scripts/clang-format/process_clang-format_errors.py
2025-08-29 08:16:06,128 - Knowledge - INFO - worker kw20 pull /app/data/b2c/13862/b2300uw/rialto-ocdm-13862/library/include/ICdmBackend.h from ingest queue
2025-08-29 08:16:06,129 - Knowledge - INFO - worker kw21 pull /app/data/b2c/13862/b2300uw/rialto-ocdm-13862/library/CMakeLists.txt from ingest queue
2025-08-29 08:16:06,129 - Knowledge - INFO - Found code-base-name: https://github.com/kavia-common/rialto-ocdm-13862.git:kavia-6.0.0-rc1
2025-08-29 08:16:06,129 - Knowledge - INFO - Found code_base: <app.utils.kg_build.knowledge.KnowledgeCodeBase object at 0x7f59a0ad26d0>
2025-08-29 08:16:06,129 - Knowledge - INFO - persist ingested knowledge for /app/data/b2c/13862/b2300uw/rialto-ocdm-13862/docs/index.html
2025-08-29 08:16:06,130 - Knowledge - INFO - Found code-base-name: https://github.com/kavia-common/rialto-ocdm-13862.git:kavia-6.0.0-rc1
2025-08-29 08:16:06,130 - Knowledge - INFO - Found code_base: <app.utils.kg_build.knowledge.KnowledgeCodeBase object at 0x7f59a0ad26d0>
2025-08-29 08:16:06,130 - Knowledge - INFO - persist ingested knowledge for /app/data/b2c/13862/b2300uw/rialto-ocdm-13862/scripts/cpplint/cpplint.py
2025-08-29 08:16:06,131 - Knowledge - INFO - worker kw22 pull /app/data/b2c/13862/b2300uw/rialto-ocdm-13862/library/source/ActiveSessions.cpp from ingest queue
2025-08-29 08:16:06,131 - Knowledge - INFO - Found code-base-name: https://github.com/kavia-common/rialto-ocdm-13862.git:kavia-6.0.0-rc1
2025-08-29 08:16:06,131 - Knowledge - INFO - Found code_base: <app.utils.kg_build.knowledge.KnowledgeCodeBase object at 0x7f59a0ad26d0>
2025-08-29 08:16:06,131 - Knowledge - INFO - persist ingested knowledge for /app/data/b2c/13862/b2300uw/rialto-ocdm-13862/scripts/valgrind/process_valgrind_results.py
2025-08-29 08:16:06,132 - Knowledge - INFO - worker kw23 pull /app/data/b2c/13862/b2300uw/rialto-ocdm-13862/library/source/open_cdm.cpp from ingest queue
2025-08-29 08:16:06,133 - Knowledge - INFO - Found code-base-name: https://github.com/kavia-common/rialto-ocdm-13862.git:kavia-6.0.0-rc1
2025-08-29 08:16:06,134 - Knowledge - INFO - Found code_base: <app.utils.kg_build.knowledge.KnowledgeCodeBase object at 0x7f59a0ad26d0>
2025-08-29 08:16:06,134 - Knowledge - INFO - persist ingested knowledge for /app/data/b2c/13862/b2300uw/rialto-ocdm-13862/library/include/CdmBackend.h
2025-08-29 08:16:06,134 - Knowledge - INFO - worker kw24 pull /app/data/b2c/13862/b2300uw/rialto-ocdm-13862/library/source/open_cdm_adapter.cpp from ingest queue
2025-08-29 08:16:06,136 - Knowledge - INFO - Found code-base-name: https://github.com/kavia-common/rialto-ocdm-13862.git:kavia-6.0.0-rc1
2025-08-29 08:16:06,136 - Knowledge - INFO - Found code_base: <app.utils.kg_build.knowledge.KnowledgeCodeBase object at 0x7f59a0ad26d0>
2025-08-29 08:16:06,136 - Knowledge - INFO - persist ingested knowledge for /app/data/b2c/13862/b2300uw/rialto-ocdm-13862/library/include/Logger.h
2025-08-29 08:16:06,138 - Knowledge - INFO - Found code-base-name: https://github.com/kavia-common/rialto-ocdm-13862.git:kavia-6.0.0-rc1
2025-08-29 08:16:06,138 - Knowledge - INFO - Found code_base: <app.utils.kg_build.knowledge.KnowledgeCodeBase object at 0x7f59a0ad26d0>
2025-08-29 08:16:06,138 - Knowledge - INFO - persist ingested knowledge for /app/data/b2c/13862/b2300uw/rialto-ocdm-13862/library/include/OpenCDMSession.h
2025-08-29 08:16:06,139 - Knowledge - INFO - Found code-base-name: https://github.com/kavia-common/rialto-ocdm-13862.git:kavia-6.0.0-rc1
2025-08-29 08:16:06,139 - Knowledge - INFO - Found code_base: <app.utils.kg_build.knowledge.KnowledgeCodeBase object at 0x7f59a0ad26d0>
2025-08-29 08:16:06,139 - Knowledge - INFO - persist ingested knowledge for /app/data/b2c/13862/b2300uw/rialto-ocdm-13862/library/include/MediaKeysCapabilitiesBackend.h
2025-08-29 08:16:06,139 - Knowledge - INFO - Found code-base-name: https://github.com/kavia-common/rialto-ocdm-13862.git:kavia-6.0.0-rc1
2025-08-29 08:16:06,140 - Knowledge - INFO - Found code_base: <app.utils.kg_build.knowledge.KnowledgeCodeBase object at 0x7f59a0ad26d0>
2025-08-29 08:16:06,140 - Knowledge - INFO - persist ingested knowledge for /app/data/b2c/13862/b2300uw/rialto-ocdm-13862/library/include/MessageDispatcher.h
2025-08-29 08:16:06,140 - Knowledge - INFO - worker kw25 pull /app/data/b2c/13862/b2300uw/rialto-ocdm-13862/library/source/OpenCDMSessionPrivate.cpp from ingest queue
2025-08-29 08:16:06,140 - Knowledge - INFO - Found code-base-name: https://github.com/kavia-common/rialto-ocdm-13862.git:kavia-6.0.0-rc1
2025-08-29 08:16:06,140 - Knowledge - INFO - Found code_base: <app.utils.kg_build.knowledge.KnowledgeCodeBase object at 0x7f59a0ad26d0>
2025-08-29 08:16:06,140 - Knowledge - INFO - persist ingested knowledge for /app/data/b2c/13862/b2300uw/rialto-ocdm-13862/library/include/OpenCDMSystemPrivate.h
2025-08-29 08:16:06,141 - Knowledge - INFO - Found code-base-name: https://github.com/kavia-common/rialto-ocdm-13862.git:kavia-6.0.0-rc1
2025-08-29 08:16:06,141 - Knowledge - INFO - Found code_base: <app.utils.kg_build.knowledge.KnowledgeCodeBase object at 0x7f59a0ad26d0>
2025-08-29 08:16:06,141 - Knowledge - INFO - persist ingested knowledge for /app/data/b2c/13862/b2300uw/rialto-ocdm-13862/library/include/OpenCDMSessionPrivate.h
2025-08-29 08:16:06,141 - Knowledge - INFO - Found code-base-name: https://github.com/kavia-common/rialto-ocdm-13862.git:kavia-6.0.0-rc1
2025-08-29 08:16:06,142 - Knowledge - INFO - Found code_base: <app.utils.kg_build.knowledge.KnowledgeCodeBase object at 0x7f59a0ad26d0>
2025-08-29 08:16:06,142 - Knowledge - INFO - persist ingested knowledge for /app/data/b2c/13862/b2300uw/rialto-ocdm-13862/library/include/IMessageDispatcher.h
2025-08-29 08:16:06,212 - Knowledge - INFO - process ingested knowledge for /app/data/b2c/13862/b2300uw/rialto-ocdm-13862/library/source/open_cdm_adapter.cpp
2025-08-29 08:16:06,213 - Knowledge - INFO - process ingested knowledge for /app/data/b2c/13862/b2300uw/rialto-ocdm-13862/library/source/ActiveSessions.cpp
2025-08-29 08:16:06,213 - Knowledge - INFO - process ingested knowledge for /app/data/b2c/13862/b2300uw/rialto-ocdm-13862/library/include/ICdmBackend.h
2025-08-29 08:16:06,214 - Knowledge - INFO - process ingested knowledge for /app/data/b2c/13862/b2300uw/rialto-ocdm-13862/library/source/OpenCDMSessionPrivate.cpp
2025-08-29 08:16:06,216 - Knowledge - INFO - process ingested knowledge for /app/data/b2c/13862/b2300uw/rialto-ocdm-13862/library/CMakeLists.txt
2025-08-29 08:16:06,224 - Knowledge - INFO - process ingested knowledge for /app/data/b2c/13862/b2300uw/rialto-ocdm-13862/library/source/open_cdm.cpp
2025-08-29 08:16:06,249 - Knowledge - INFO - Found code-base-name: https://github.com/kavia-common/rialto-ocdm-13862.git:kavia-6.0.0-rc1
2025-08-29 08:16:06,249 - Knowledge - INFO - Found code_base: <app.utils.kg_build.knowledge.KnowledgeCodeBase object at 0x7f59a0ad26d0>
2025-08-29 08:16:06,249 - Knowledge - INFO - persist ingested knowledge for /app/data/b2c/13862/b2300uw/rialto-ocdm-13862/library/include/OpenCDMSystem.h
2025-08-29 08:16:06,249 - Knowledge - INFO - Found code-base-name: https://github.com/kavia-common/rialto-ocdm-13862.git:kavia-6.0.0-rc1
2025-08-29 08:16:06,250 - Knowledge - INFO - Found code_base: <app.utils.kg_build.knowledge.KnowledgeCodeBase object at 0x7f59a0ad26d0>
2025-08-29 08:16:06,250 - Knowledge - INFO - persist ingested knowledge for /app/data/b2c/13862/b2300uw/rialto-ocdm-13862/library/include/RialtoGStreamerEMEProtectionMetadata.h
2025-08-29 08:16:06,306 - Knowledge - INFO - adding /app/data/b2c/13862/b2300uw/rialto-ocdm-13862/cmake/googletest.cmake to ingest queue
2025-08-29 08:16:06,915 - Knowledge - INFO - Found code-base-name: https://github.com/kavia-common/rialto-ocdm-13862.git:kavia-6.0.0-rc1
2025-08-29 08:16:06,915 - Knowledge - INFO - Found code_base: <app.utils.kg_build.knowledge.KnowledgeCodeBase object at 0x7f59a0ad26d0>
2025-08-29 08:16:06,915 - Knowledge - INFO - persist ingested knowledge for /app/data/b2c/13862/b2300uw/rialto-ocdm-13862/library/include/ActiveSessions.h
2025-08-29 08:16:06,915 - Knowledge - INFO - Found code-base-name: https://github.com/kavia-common/rialto-ocdm-13862.git:kavia-6.0.0-rc1
2025-08-29 08:16:06,915 - Knowledge - INFO - Found code_base: <app.utils.kg_build.knowledge.KnowledgeCodeBase object at 0x7f59a0ad26d0>
2025-08-29 08:16:06,915 - Knowledge - INFO - persist ingested knowledge for /app/data/b2c/13862/b2300uw/rialto-ocdm-13862/library/source/open_cdm_adapter.cpp
2025-08-29 08:16:06,916 - Knowledge - INFO - Found code-base-name: https://github.com/kavia-common/rialto-ocdm-13862.git:kavia-6.0.0-rc1
2025-08-29 08:16:06,916 - Knowledge - INFO - Found code_base: <app.utils.kg_build.knowledge.KnowledgeCodeBase object at 0x7f59a0ad26d0>
2025-08-29 08:16:06,916 - Knowledge - INFO - persist ingested knowledge for /app/data/b2c/13862/b2300uw/rialto-ocdm-13862/library/source/ActiveSessions.cpp
2025-08-29 08:16:06,916 - Knowledge - INFO - Found code-base-name: https://github.com/kavia-common/rialto-ocdm-13862.git:kavia-6.0.0-rc1
2025-08-29 08:16:06,916 - Knowledge - INFO - Found code_base: <app.utils.kg_build.knowledge.KnowledgeCodeBase object at 0x7f59a0ad26d0>
2025-08-29 08:16:06,916 - Knowledge - INFO - persist ingested knowledge for /app/data/b2c/13862/b2300uw/rialto-ocdm-13862/library/source/OpenCDMSessionPrivate.cpp
2025-08-29 08:16:06,916 - Knowledge - INFO - Found code-base-name: https://github.com/kavia-common/rialto-ocdm-13862.git:kavia-6.0.0-rc1
2025-08-29 08:16:06,917 - Knowledge - INFO - Found code_base: <app.utils.kg_build.knowledge.KnowledgeCodeBase object at 0x7f59a0ad26d0>
2025-08-29 08:16:06,917 - Knowledge - INFO - persist ingested knowledge for /app/data/b2c/13862/b2300uw/rialto-ocdm-13862/library/include/ICdmBackend.h
2025-08-29 08:16:06,917 - Knowledge - INFO - Found code-base-name: https://github.com/kavia-common/rialto-ocdm-13862.git:kavia-6.0.0-rc1
2025-08-29 08:16:06,917 - Knowledge - INFO - Found code_base: <app.utils.kg_build.knowledge.KnowledgeCodeBase object at 0x7f59a0ad26d0>
2025-08-29 08:16:06,917 - Knowledge - INFO - persist ingested knowledge for /app/data/b2c/13862/b2300uw/rialto-ocdm-13862/library/CMakeLists.txt
2025-08-29 08:16:06,917 - Knowledge - INFO - Found code-base-name: https://github.com/kavia-common/rialto-ocdm-13862.git:kavia-6.0.0-rc1
2025-08-29 08:16:06,917 - Knowledge - INFO - Found code_base: <app.utils.kg_build.knowledge.KnowledgeCodeBase object at 0x7f59a0ad26d0>
2025-08-29 08:16:06,917 - Knowledge - INFO - persist ingested knowledge for /app/data/b2c/13862/b2300uw/rialto-ocdm-13862/library/source/open_cdm.cpp
2025-08-29 08:16:06,970 - Knowledge - INFO - adding /app/data/b2c/13862/b2300uw/rialto-ocdm-13862/library/include/IMessageDispatcher.h to ingest queue
2025-08-29 08:16:07,020 - Knowledge - INFO - adding /app/data/b2c/13862/b2300uw/rialto-ocdm-13862/TERMS.md to ingest queue
2025-08-29 08:16:07,020 - Knowledge - INFO - worker kw9 pull /app/data/b2c/13862/b2300uw/rialto-ocdm-13862/library/source/open_cdm_ext.cpp from ingest queue
2025-08-29 08:16:07,021 - Knowledge - INFO - adding /app/data/b2c/13862/b2300uw/rialto-ocdm-13862/cmake/FindRialto.cmake to ingest queue
2025-08-29 08:16:07,022 - Knowledge - INFO - adding /app/data/b2c/13862/b2300uw/rialto-ocdm-13862/scripts/clang-format/process_clang-format_errors.py to ingest queue
2025-08-29 08:16:07,023 - Knowledge - INFO - adding /app/data/b2c/13862/b2300uw/rialto-ocdm-13862/docs/index.html to ingest queue
2025-08-29 08:16:07,023 - Knowledge - INFO - adding /app/data/b2c/13862/b2300uw/rialto-ocdm-13862/scripts/cpplint/cpplint.py to ingest queue
2025-08-29 08:16:07,024 - Knowledge - INFO - adding /app/data/b2c/13862/b2300uw/rialto-ocdm-13862/scripts/valgrind/process_valgrind_results.py to ingest queue
2025-08-29 08:16:07,024 - Knowledge - INFO - adding /app/data/b2c/13862/b2300uw/rialto-ocdm-13862/library/include/CdmBackend.h to ingest queue
2025-08-29 08:16:07,024 - Knowledge - INFO - adding /app/data/b2c/13862/b2300uw/rialto-ocdm-13862/library/include/Logger.h to ingest queue
2025-08-29 08:16:07,024 - Knowledge - INFO - adding /app/data/b2c/13862/b2300uw/rialto-ocdm-13862/library/include/OpenCDMSession.h to ingest queue
2025-08-29 08:16:07,024 - Knowledge - INFO - adding /app/data/b2c/13862/b2300uw/rialto-ocdm-13862/library/include/MediaKeysCapabilitiesBackend.h to ingest queue
2025-08-29 08:16:07,025 - Knowledge - INFO - adding /app/data/b2c/13862/b2300uw/rialto-ocdm-13862/library/include/MessageDispatcher.h to ingest queue
2025-08-29 08:16:07,025 - Knowledge - INFO - adding /app/data/b2c/13862/b2300uw/rialto-ocdm-13862/library/include/OpenCDMSystemPrivate.h to ingest queue
2025-08-29 08:16:07,058 - Knowledge - INFO - process ingested knowledge for /app/data/b2c/13862/b2300uw/rialto-ocdm-13862/library/source/open_cdm_ext.cpp
2025-08-29 08:16:07,078 - Knowledge - INFO - adding /app/data/b2c/13862/b2300uw/rialto-ocdm-13862/library/include/OpenCDMSessionPrivate.h to ingest queue
2025-08-29 08:16:07,401 - Knowledge - INFO - worker kw19 pull /app/data/b2c/13862/b2300uw/rialto-ocdm-13862/library/source/Logger.cpp from ingest queue
2025-08-29 08:16:07,402 - Knowledge - INFO - adding /app/data/b2c/13862/b2300uw/rialto-ocdm-13862/CMakeLists.txt to ingest queue
2025-08-29 08:16:07,403 - Knowledge - INFO - adding /app/data/b2c/13862/b2300uw/rialto-ocdm-13862/library/include/RialtoGStreamerEMEProtectionMetadata.h to ingest queue
2025-08-29 08:16:07,403 - Knowledge - INFO - worker kw11 pull /app/data/b2c/13862/b2300uw/rialto-ocdm-13862/library/source/RialtoGStreamerEMEProtectionMetadata.cpp from ingest queue
2025-08-29 08:16:07,404 - Knowledge - INFO - worker kw12 pull /app/data/b2c/13862/b2300uw/rialto-ocdm-13862/library/source/CdmBackend.cpp from ingest queue
2025-08-29 08:16:07,405 - Knowledge - INFO - worker kw4 pull /app/data/b2c/13862/b2300uw/rialto-ocdm-13862/library/source/MessageDispatcher.cpp from ingest queue
2025-08-29 08:16:07,406 - Knowledge - INFO - worker kw7 pull /app/data/b2c/13862/b2300uw/rialto-ocdm-13862/library/source/OpenCDMSystemPrivate.cpp from ingest queue
2025-08-29 08:16:07,408 - Knowledge - INFO - worker kw17 pull /app/data/b2c/13862/b2300uw/rialto-ocdm-13862/library/source/MediaKeysCapabilitiesBackend.cpp from ingest queue
2025-08-29 08:16:07,408 - Knowledge - INFO - worker kw5 pull /app/data/b2c/13862/b2300uw/rialto-ocdm-13862/cppcheck_suppressions.xml from ingest queue
2025-08-29 08:16:07,409 - Knowledge - INFO - worker kw3 pull /app/data/b2c/13862/b2300uw/rialto-ocdm-13862/README.md from ingest queue
2025-08-29 08:16:07,411 - Knowledge - INFO - adding /app/data/b2c/13862/b2300uw/rialto-ocdm-13862/library/include/ActiveSessions.h to ingest queue
2025-08-29 08:16:07,415 - Knowledge - INFO - adding /app/data/b2c/13862/b2300uw/rialto-ocdm-13862/library/source/open_cdm_adapter.cpp to ingest queue
2025-08-29 08:16:07,418 - Knowledge - INFO - adding /app/data/b2c/13862/b2300uw/rialto-ocdm-13862/library/source/ActiveSessions.cpp to ingest queue
2025-08-29 08:16:07,418 - Knowledge - INFO - adding /app/data/b2c/13862/b2300uw/rialto-ocdm-13862/library/source/OpenCDMSessionPrivate.cpp to ingest queue
2025-08-29 08:16:07,419 - Knowledge - INFO - adding /app/data/b2c/13862/b2300uw/rialto-ocdm-13862/library/include/ICdmBackend.h to ingest queue
2025-08-29 08:16:07,419 - Knowledge - INFO - adding /app/data/b2c/13862/b2300uw/rialto-ocdm-13862/library/CMakeLists.txt to ingest queue
2025-08-29 08:16:07,420 - Knowledge - INFO - adding /app/data/b2c/13862/b2300uw/rialto-ocdm-13862/library/source/open_cdm.cpp to ingest queue
2025-08-29 08:16:07,422 - Knowledge - INFO - adding /app/data/b2c/13862/b2300uw/rialto-ocdm-13862/library/include/OpenCDMSystem.h to ingest queue
2025-08-29 08:16:07,422 - Knowledge - INFO - worker kw14 pull /app/data/b2c/13862/b2300uw/rialto-ocdm-13862/tests/third-party/CMakeLists.txt from ingest queue
2025-08-29 08:16:07,423 - Knowledge - INFO - worker kw2 pull /app/data/b2c/13862/b2300uw/rialto-ocdm-13862/tests/third-party/source/ControlFactory.cpp from ingest queue
2025-08-29 08:16:07,425 - Knowledge - INFO - worker kw10 pull /app/data/b2c/13862/b2300uw/rialto-ocdm-13862/tests/third-party/source/MediaKeysFactory.cpp from ingest queue
2025-08-29 08:16:07,427 - Knowledge - INFO - Found code-base-name: https://github.com/kavia-common/rialto-ocdm-13862.git:kavia-6.0.0-rc1
2025-08-29 08:16:07,427 - Knowledge - INFO - Found code_base: <app.utils.kg_build.knowledge.KnowledgeCodeBase object at 0x7f59a0ad26d0>
2025-08-29 08:16:07,427 - Knowledge - INFO - persist ingested knowledge for /app/data/b2c/13862/b2300uw/rialto-ocdm-13862/library/source/open_cdm_ext.cpp
2025-08-29 08:16:07,429 - Knowledge - INFO - worker kw18 pull /app/data/b2c/13862/b2300uw/rialto-ocdm-13862/tests/third-party/source/OcdmSessionsCallbacks.cpp from ingest queue
2025-08-29 08:16:07,432 - Knowledge - INFO - worker kw24 pull /app/data/b2c/13862/b2300uw/rialto-ocdm-13862/tests/third-party/source/MediaKeysCapabilitiesFactory.cpp from ingest queue
2025-08-29 08:16:07,435 - Knowledge - INFO - worker kw22 pull /app/data/b2c/13862/b2300uw/rialto-ocdm-13862/tests/ut/CdmBackendTests.cpp from ingest queue
2025-08-29 08:16:07,439 - Knowledge - INFO - worker kw1 pull /app/data/b2c/13862/b2300uw/rialto-ocdm-13862/tests/ut/MessageDispatcherTests.cpp from ingest queue
2025-08-29 08:16:07,494 - Knowledge - INFO - worker kw8 pull /app/data/b2c/13862/b2300uw/rialto-ocdm-13862/tests/ut/LoggerTests.cpp from ingest queue
2025-08-29 08:16:07,497 - Knowledge - INFO - worker kw21 pull /app/data/b2c/13862/b2300uw/rialto-ocdm-13862/tests/ut/MediaKeysCapabilitiesBackendTests.cpp from ingest queue
2025-08-29 08:16:07,500 - Knowledge - INFO - worker kw15 pull /app/data/b2c/13862/b2300uw/rialto-ocdm-13862/tests/ut/OpenCdmTests.cpp from ingest queue
2025-08-29 08:16:07,500 - Knowledge - INFO - worker kw13 pull /app/data/b2c/13862/b2300uw/rialto-ocdm-13862/tests/ut/OpenCdmSessionTests.cpp from ingest queue
2025-08-29 08:16:07,503 - Knowledge - INFO - worker kw23 pull /app/data/b2c/13862/b2300uw/rialto-ocdm-13862/tests/ut/CMakeLists.txt from ingest queue
2025-08-29 08:16:07,520 - Knowledge - INFO - process ingested knowledge for /app/data/b2c/13862/b2300uw/rialto-ocdm-13862/README.md
2025-08-29 08:16:07,521 - Knowledge - INFO - process ingested knowledge for /app/data/b2c/13862/b2300uw/rialto-ocdm-13862/cppcheck_suppressions.xml
2025-08-29 08:16:07,595 - Knowledge - INFO - process ingested knowledge for /app/data/b2c/13862/b2300uw/rialto-ocdm-13862/library/source/OpenCDMSystemPrivate.cpp
2025-08-29 08:16:07,598 - Knowledge - INFO - process ingested knowledge for /app/data/b2c/13862/b2300uw/rialto-ocdm-13862/library/source/Logger.cpp
2025-08-29 08:16:07,606 - Knowledge - INFO - process ingested knowledge for /app/data/b2c/13862/b2300uw/rialto-ocdm-13862/library/source/MediaKeysCapabilitiesBackend.cpp
2025-08-29 08:16:07,608 - Knowledge - INFO - process ingested knowledge for /app/data/b2c/13862/b2300uw/rialto-ocdm-13862/tests/third-party/CMakeLists.txt
2025-08-29 08:16:07,611 - Knowledge - INFO - process ingested knowledge for /app/data/b2c/13862/b2300uw/rialto-ocdm-13862/tests/ut/CMakeLists.txt
2025-08-29 08:16:07,694 - Knowledge - INFO - process ingested knowledge for /app/data/b2c/13862/b2300uw/rialto-ocdm-13862/library/source/RialtoGStreamerEMEProtectionMetadata.cpp
2025-08-29 08:16:07,698 - Knowledge - INFO - process ingested knowledge for /app/data/b2c/13862/b2300uw/rialto-ocdm-13862/tests/third-party/source/ControlFactory.cpp
2025-08-29 08:16:07,701 - Knowledge - INFO - process ingested knowledge for /app/data/b2c/13862/b2300uw/rialto-ocdm-13862/tests/ut/CdmBackendTests.cpp
2025-08-29 08:16:07,703 - Knowledge - INFO - process ingested knowledge for /app/data/b2c/13862/b2300uw/rialto-ocdm-13862/library/source/CdmBackend.cpp
2025-08-29 08:16:07,703 - Knowledge - INFO - process ingested knowledge for /app/data/b2c/13862/b2300uw/rialto-ocdm-13862/tests/third-party/source/OcdmSessionsCallbacks.cpp
2025-08-29 08:16:07,704 - Knowledge - INFO - process ingested knowledge for /app/data/b2c/13862/b2300uw/rialto-ocdm-13862/library/source/MessageDispatcher.cpp
2025-08-29 08:16:07,705 - Knowledge - INFO - process ingested knowledge for /app/data/b2c/13862/b2300uw/rialto-ocdm-13862/tests/third-party/source/MediaKeysFactory.cpp
2025-08-29 08:16:07,709 - Knowledge - INFO - process ingested knowledge for /app/data/b2c/13862/b2300uw/rialto-ocdm-13862/tests/third-party/source/MediaKeysCapabilitiesFactory.cpp
2025-08-29 08:16:07,709 - Knowledge - INFO - process ingested knowledge for /app/data/b2c/13862/b2300uw/rialto-ocdm-13862/tests/ut/MessageDispatcherTests.cpp
2025-08-29 08:16:07,711 - Knowledge - INFO - process ingested knowledge for /app/data/b2c/13862/b2300uw/rialto-ocdm-13862/tests/ut/MediaKeysCapabilitiesBackendTests.cpp
2025-08-29 08:16:07,719 - Knowledge - INFO - process ingested knowledge for /app/data/b2c/13862/b2300uw/rialto-ocdm-13862/tests/ut/LoggerTests.cpp
2025-08-29 08:16:07,720 - Knowledge - INFO - process ingested knowledge for /app/data/b2c/13862/b2300uw/rialto-ocdm-13862/tests/ut/OpenCdmSessionTests.cpp
2025-08-29 08:16:07,721 - Knowledge - INFO - process ingested knowledge for /app/data/b2c/13862/b2300uw/rialto-ocdm-13862/tests/ut/OpenCdmTests.cpp
2025-08-29 08:16:07,723 - Knowledge - INFO - worker kw25 pull /app/data/b2c/13862/b2300uw/rialto-ocdm-13862/tests/ut/OpenCdmAdapterTests.cpp from ingest queue
2025-08-29 08:16:07,724 - Knowledge - INFO - worker kw6 pull /app/data/b2c/13862/b2300uw/rialto-ocdm-13862/tests/ut/OpenCdmExtTests.cpp from ingest queue
2025-08-29 08:16:07,725 - Knowledge - INFO - Found code-base-name: https://github.com/kavia-common/rialto-ocdm-13862.git:kavia-6.0.0-rc1
2025-08-29 08:16:07,725 - Knowledge - INFO - Found code_base: <app.utils.kg_build.knowledge.KnowledgeCodeBase object at 0x7f59a0ad26d0>
2025-08-29 08:16:07,725 - Knowledge - INFO - persist ingested knowledge for /app/data/b2c/13862/b2300uw/rialto-ocdm-13862/cppcheck_suppressions.xml
2025-08-29 08:16:07,725 - Knowledge - INFO - Found code-base-name: https://github.com/kavia-common/rialto-ocdm-13862.git:kavia-6.0.0-rc1
2025-08-29 08:16:07,725 - Knowledge - INFO - Found code_base: <app.utils.kg_build.knowledge.KnowledgeCodeBase object at 0x7f59a0ad26d0>
2025-08-29 08:16:07,725 - Knowledge - INFO - persist ingested knowledge for /app/data/b2c/13862/b2300uw/rialto-ocdm-13862/library/source/OpenCDMSystemPrivate.cpp
2025-08-29 08:16:07,727 - Knowledge - INFO - Found code-base-name: https://github.com/kavia-common/rialto-ocdm-13862.git:kavia-6.0.0-rc1
2025-08-29 08:16:07,727 - Knowledge - INFO - Found code_base: <app.utils.kg_build.knowledge.KnowledgeCodeBase object at 0x7f59a0ad26d0>
2025-08-29 08:16:07,727 - Knowledge - INFO - persist ingested knowledge for /app/data/b2c/13862/b2300uw/rialto-ocdm-13862/library/source/Logger.cpp
2025-08-29 08:16:07,727 - Knowledge - INFO - Found code-base-name: https://github.com/kavia-common/rialto-ocdm-13862.git:kavia-6.0.0-rc1
2025-08-29 08:16:07,727 - Knowledge - INFO - Found code_base: <app.utils.kg_build.knowledge.KnowledgeCodeBase object at 0x7f59a0ad26d0>
2025-08-29 08:16:07,727 - Knowledge - INFO - persist ingested knowledge for /app/data/b2c/13862/b2300uw/rialto-ocdm-13862/library/source/MediaKeysCapabilitiesBackend.cpp
2025-08-29 08:16:07,728 - Knowledge - INFO - Found code-base-name: https://github.com/kavia-common/rialto-ocdm-13862.git:kavia-6.0.0-rc1
2025-08-29 08:16:07,728 - Knowledge - INFO - Found code_base: <app.utils.kg_build.knowledge.KnowledgeCodeBase object at 0x7f59a0ad26d0>
2025-08-29 08:16:07,728 - Knowledge - INFO - persist ingested knowledge for /app/data/b2c/13862/b2300uw/rialto-ocdm-13862/tests/third-party/CMakeLists.txt
2025-08-29 08:16:07,728 - Knowledge - INFO - Found code-base-name: https://github.com/kavia-common/rialto-ocdm-13862.git:kavia-6.0.0-rc1
2025-08-29 08:16:07,728 - Knowledge - INFO - Found code_base: <app.utils.kg_build.knowledge.KnowledgeCodeBase object at 0x7f59a0ad26d0>
2025-08-29 08:16:07,728 - Knowledge - INFO - persist ingested knowledge for /app/data/b2c/13862/b2300uw/rialto-ocdm-13862/tests/ut/CMakeLists.txt
2025-08-29 08:16:07,728 - Knowledge - INFO - Found code-base-name: https://github.com/kavia-common/rialto-ocdm-13862.git:kavia-6.0.0-rc1
2025-08-29 08:16:07,728 - Knowledge - INFO - Found code_base: <app.utils.kg_build.knowledge.KnowledgeCodeBase object at 0x7f59a0ad26d0>
2025-08-29 08:16:07,728 - Knowledge - INFO - persist ingested knowledge for /app/data/b2c/13862/b2300uw/rialto-ocdm-13862/library/source/RialtoGStreamerEMEProtectionMetadata.cpp
2025-08-29 08:16:07,729 - Knowledge - INFO - Found code-base-name: https://github.com/kavia-common/rialto-ocdm-13862.git:kavia-6.0.0-rc1
2025-08-29 08:16:07,729 - Knowledge - INFO - Found code_base: <app.utils.kg_build.knowledge.KnowledgeCodeBase object at 0x7f59a0ad26d0>
2025-08-29 08:16:07,729 - Knowledge - INFO - persist ingested knowledge for /app/data/b2c/13862/b2300uw/rialto-ocdm-13862/tests/ut/CdmBackendTests.cpp
2025-08-29 08:16:07,729 - Knowledge - INFO - Found code-base-name: https://github.com/kavia-common/rialto-ocdm-13862.git:kavia-6.0.0-rc1
2025-08-29 08:16:07,729 - Knowledge - INFO - Found code_base: <app.utils.kg_build.knowledge.KnowledgeCodeBase object at 0x7f59a0ad26d0>
2025-08-29 08:16:07,729 - Knowledge - INFO - persist ingested knowledge for /app/data/b2c/13862/b2300uw/rialto-ocdm-13862/tests/third-party/source/ControlFactory.cpp
2025-08-29 08:16:07,730 - Knowledge - INFO - Found code-base-name: https://github.com/kavia-common/rialto-ocdm-13862.git:kavia-6.0.0-rc1
2025-08-29 08:16:07,730 - Knowledge - INFO - Found code_base: <app.utils.kg_build.knowledge.KnowledgeCodeBase object at 0x7f59a0ad26d0>
2025-08-29 08:16:07,730 - Knowledge - INFO - persist ingested knowledge for /app/data/b2c/13862/b2300uw/rialto-ocdm-13862/tests/third-party/source/MediaKeysFactory.cpp
2025-08-29 08:16:07,730 - Knowledge - INFO - Found code-base-name: https://github.com/kavia-common/rialto-ocdm-13862.git:kavia-6.0.0-rc1
2025-08-29 08:16:07,730 - Knowledge - INFO - Found code_base: <app.utils.kg_build.knowledge.KnowledgeCodeBase object at 0x7f59a0ad26d0>
2025-08-29 08:16:07,730 - Knowledge - INFO - persist ingested knowledge for /app/data/b2c/13862/b2300uw/rialto-ocdm-13862/library/source/CdmBackend.cpp
2025-08-29 08:16:07,730 - Knowledge - INFO - Found code-base-name: https://github.com/kavia-common/rialto-ocdm-13862.git:kavia-6.0.0-rc1
2025-08-29 08:16:07,730 - Knowledge - INFO - Found code_base: <app.utils.kg_build.knowledge.KnowledgeCodeBase object at 0x7f59a0ad26d0>
2025-08-29 08:16:07,730 - Knowledge - INFO - persist ingested knowledge for /app/data/b2c/13862/b2300uw/rialto-ocdm-13862/tests/third-party/source/MediaKeysCapabilitiesFactory.cpp
2025-08-29 08:16:07,730 - Knowledge - INFO - Found code-base-name: https://github.com/kavia-common/rialto-ocdm-13862.git:kavia-6.0.0-rc1
2025-08-29 08:16:07,730 - Knowledge - INFO - Found code_base: <app.utils.kg_build.knowledge.KnowledgeCodeBase object at 0x7f59a0ad26d0>
2025-08-29 08:16:07,731 - Knowledge - INFO - persist ingested knowledge for /app/data/b2c/13862/b2300uw/rialto-ocdm-13862/tests/ut/MessageDispatcherTests.cpp
2025-08-29 08:16:07,731 - Knowledge - INFO - Found code-base-name: https://github.com/kavia-common/rialto-ocdm-13862.git:kavia-6.0.0-rc1
2025-08-29 08:16:07,731 - Knowledge - INFO - Found code_base: <app.utils.kg_build.knowledge.KnowledgeCodeBase object at 0x7f59a0ad26d0>
2025-08-29 08:16:07,731 - Knowledge - INFO - persist ingested knowledge for /app/data/b2c/13862/b2300uw/rialto-ocdm-13862/tests/third-party/source/OcdmSessionsCallbacks.cpp
2025-08-29 08:16:07,731 - Knowledge - INFO - Found code-base-name: https://github.com/kavia-common/rialto-ocdm-13862.git:kavia-6.0.0-rc1
2025-08-29 08:16:07,731 - Knowledge - INFO - Found code_base: <app.utils.kg_build.knowledge.KnowledgeCodeBase object at 0x7f59a0ad26d0>
2025-08-29 08:16:07,731 - Knowledge - INFO - persist ingested knowledge for /app/data/b2c/13862/b2300uw/rialto-ocdm-13862/tests/ut/MediaKeysCapabilitiesBackendTests.cpp
2025-08-29 08:16:07,732 - Knowledge - INFO - Found code-base-name: https://github.com/kavia-common/rialto-ocdm-13862.git:kavia-6.0.0-rc1
2025-08-29 08:16:07,732 - Knowledge - INFO - Found code_base: <app.utils.kg_build.knowledge.KnowledgeCodeBase object at 0x7f59a0ad26d0>
2025-08-29 08:16:07,732 - Knowledge - INFO - persist ingested knowledge for /app/data/b2c/13862/b2300uw/rialto-ocdm-13862/library/source/MessageDispatcher.cpp
2025-08-29 08:16:07,732 - Knowledge - INFO - worker kw16 pull /app/data/b2c/13862/b2300uw/rialto-ocdm-13862/tests/ut/ActiveSessionsTests.cpp from ingest queue
2025-08-29 08:16:07,733 - Knowledge - INFO - adding /app/data/b2c/13862/b2300uw/rialto-ocdm-13862/library/source/open_cdm_ext.cpp to ingest queue
2025-08-29 08:16:07,734 - Knowledge - INFO - Found code-base-name: https://github.com/kavia-common/rialto-ocdm-13862.git:kavia-6.0.0-rc1
2025-08-29 08:16:07,734 - Knowledge - INFO - Found code_base: <app.utils.kg_build.knowledge.KnowledgeCodeBase object at 0x7f59a0ad26d0>
2025-08-29 08:16:07,734 - Knowledge - INFO - persist ingested knowledge for /app/data/b2c/13862/b2300uw/rialto-ocdm-13862/tests/ut/LoggerTests.cpp
2025-08-29 08:16:07,735 - Knowledge - INFO - Found code-base-name: https://github.com/kavia-common/rialto-ocdm-13862.git:kavia-6.0.0-rc1
2025-08-29 08:16:07,735 - Knowledge - INFO - Found code_base: <app.utils.kg_build.knowledge.KnowledgeCodeBase object at 0x7f59a0ad26d0>
2025-08-29 08:16:07,735 - Knowledge - INFO - persist ingested knowledge for /app/data/b2c/13862/b2300uw/rialto-ocdm-13862/tests/ut/OpenCdmSessionTests.cpp
2025-08-29 08:16:07,735 - Knowledge - INFO - Found code-base-name: https://github.com/kavia-common/rialto-ocdm-13862.git:kavia-6.0.0-rc1
2025-08-29 08:16:07,735 - Knowledge - INFO - Found code_base: <app.utils.kg_build.knowledge.KnowledgeCodeBase object at 0x7f59a0ad26d0>
2025-08-29 08:16:07,735 - Knowledge - INFO - persist ingested knowledge for /app/data/b2c/13862/b2300uw/rialto-ocdm-13862/README.md
2025-08-29 08:16:07,815 - Knowledge - INFO - process ingested knowledge for /app/data/b2c/13862/b2300uw/rialto-ocdm-13862/tests/ut/OpenCdmExtTests.cpp
2025-08-29 08:16:07,816 - Knowledge - INFO - process ingested knowledge for /app/data/b2c/13862/b2300uw/rialto-ocdm-13862/tests/ut/OpenCdmAdapterTests.cpp
2025-08-29 08:16:07,827 - Knowledge - INFO - process ingested knowledge for /app/data/b2c/13862/b2300uw/rialto-ocdm-13862/tests/ut/ActiveSessionsTests.cpp
2025-08-29 08:16:07,940 - Knowledge - INFO - Found code-base-name: https://github.com/kavia-common/rialto-ocdm-13862.git:kavia-6.0.0-rc1
2025-08-29 08:16:07,940 - Knowledge - INFO - Found code_base: <app.utils.kg_build.knowledge.KnowledgeCodeBase object at 0x7f59a0ad26d0>
2025-08-29 08:16:07,941 - Knowledge - INFO - persist ingested knowledge for /app/data/b2c/13862/b2300uw/rialto-ocdm-13862/tests/ut/OpenCdmTests.cpp
2025-08-29 08:16:08,563 - Knowledge - INFO - worker kw9 pull /app/data/b2c/13862/b2300uw/rialto-ocdm-13862/tests/ut/OpenCdmSystemTests.cpp from ingest queue
2025-08-29 08:16:08,564 - Knowledge - INFO - worker kw20 pull /app/data/b2c/13862/b2300uw/rialto-ocdm-13862/tests/mocks/MediaKeysMock.h from ingest queue
2025-08-29 08:16:08,595 - Knowledge - INFO - process ingested knowledge for /app/data/b2c/13862/b2300uw/rialto-ocdm-13862/tests/ut/OpenCdmSystemTests.cpp
2025-08-29 08:16:08,602 - Knowledge - INFO - process ingested knowledge for /app/data/b2c/13862/b2300uw/rialto-ocdm-13862/tests/mocks/MediaKeysMock.h
2025-08-29 08:16:08,716 - Knowledge - INFO - Found code-base-name: https://github.com/kavia-common/rialto-ocdm-13862.git:kavia-6.0.0-rc1
2025-08-29 08:16:08,716 - Knowledge - INFO - Found code_base: <app.utils.kg_build.knowledge.KnowledgeCodeBase object at 0x7f59a0ad26d0>
2025-08-29 08:16:08,716 - Knowledge - INFO - persist ingested knowledge for /app/data/b2c/13862/b2300uw/rialto-ocdm-13862/tests/ut/OpenCdmExtTests.cpp
2025-08-29 08:16:08,717 - Knowledge - INFO - Found code-base-name: https://github.com/kavia-common/rialto-ocdm-13862.git:kavia-6.0.0-rc1
2025-08-29 08:16:08,717 - Knowledge - INFO - Found code_base: <app.utils.kg_build.knowledge.KnowledgeCodeBase object at 0x7f59a0ad26d0>
2025-08-29 08:16:08,717 - Knowledge - INFO - persist ingested knowledge for /app/data/b2c/13862/b2300uw/rialto-ocdm-13862/tests/ut/OpenCdmAdapterTests.cpp
2025-08-29 08:16:08,717 - Knowledge - INFO - Found code-base-name: https://github.com/kavia-common/rialto-ocdm-13862.git:kavia-6.0.0-rc1
2025-08-29 08:16:08,717 - Knowledge - INFO - Found code_base: <app.utils.kg_build.knowledge.KnowledgeCodeBase object at 0x7f59a0ad26d0>
2025-08-29 08:16:08,717 - Knowledge - INFO - persist ingested knowledge for /app/data/b2c/13862/b2300uw/rialto-ocdm-13862/tests/ut/ActiveSessionsTests.cpp
2025-08-29 08:16:08,717 - Knowledge - INFO - adding /app/data/b2c/13862/b2300uw/rialto-ocdm-13862/cppcheck_suppressions.xml to ingest queue
2025-08-29 08:16:08,717 - Knowledge - INFO - adding /app/data/b2c/13862/b2300uw/rialto-ocdm-13862/library/source/OpenCDMSystemPrivate.cpp to ingest queue
2025-08-29 08:16:08,717 - Knowledge - INFO - adding /app/data/b2c/13862/b2300uw/rialto-ocdm-13862/library/source/Logger.cpp to ingest queue
2025-08-29 08:16:08,718 - Knowledge - INFO - adding /app/data/b2c/13862/b2300uw/rialto-ocdm-13862/tests/third-party/CMakeLists.txt to ingest queue
2025-08-29 08:16:08,718 - Knowledge - INFO - adding /app/data/b2c/13862/b2300uw/rialto-ocdm-13862/library/source/RialtoGStreamerEMEProtectionMetadata.cpp to ingest queue
2025-08-29 08:16:08,718 - Knowledge - INFO - adding /app/data/b2c/13862/b2300uw/rialto-ocdm-13862/tests/third-party/source/ControlFactory.cpp to ingest queue
2025-08-29 08:16:08,718 - Knowledge - INFO - worker kw2 pull /app/data/b2c/13862/b2300uw/rialto-ocdm-13862/tests/mocks/MessageDispatcherMock.h from ingest queue
2025-08-29 08:16:08,719 - Knowledge - INFO - adding /app/data/b2c/13862/b2300uw/rialto-ocdm-13862/tests/third-party/source/MediaKeysCapabilitiesFactory.cpp to ingest queue
2025-08-29 08:16:08,720 - Knowledge - INFO - adding /app/data/b2c/13862/b2300uw/rialto-ocdm-13862/tests/third-party/source/OcdmSessionsCallbacks.cpp to ingest queue
2025-08-29 08:16:08,721 - Knowledge - INFO - adding /app/data/b2c/13862/b2300uw/rialto-ocdm-13862/library/source/MessageDispatcher.cpp to ingest queue
2025-08-29 08:16:08,721 - Knowledge - INFO - Found code-base-name: https://github.com/kavia-common/rialto-ocdm-13862.git:kavia-6.0.0-rc1
2025-08-29 08:16:08,722 - Knowledge - INFO - Found code_base: <app.utils.kg_build.knowledge.KnowledgeCodeBase object at 0x7f59a0ad26d0>
2025-08-29 08:16:08,722 - Knowledge - INFO - persist ingested knowledge for /app/data/b2c/13862/b2300uw/rialto-ocdm-13862/tests/mocks/MediaKeysMock.h
2025-08-29 08:16:08,722 - Knowledge - INFO - adding /app/data/b2c/13862/b2300uw/rialto-ocdm-13862/tests/ut/OpenCdmSessionTests.cpp to ingest queue
2025-08-29 08:16:08,722 - Knowledge - INFO - worker kw13 pull /app/data/b2c/13862/b2300uw/rialto-ocdm-13862/tests/mocks/CdmBackendMock.h from ingest queue
2025-08-29 08:16:08,755 - Knowledge - INFO - process ingested knowledge for /app/data/b2c/13862/b2300uw/rialto-ocdm-13862/tests/mocks/CdmBackendMock.h
2025-08-29 08:16:08,757 - Knowledge - INFO - process ingested knowledge for /app/data/b2c/13862/b2300uw/rialto-ocdm-13862/tests/mocks/MessageDispatcherMock.h
2025-08-29 08:16:08,830 - Knowledge - INFO - worker kw5 pull /app/data/b2c/13862/b2300uw/rialto-ocdm-13862/tests/mocks/OcdmSessionsCallbacksMock.h from ingest queue
2025-08-29 08:16:08,861 - Knowledge - INFO - process ingested knowledge for /app/data/b2c/13862/b2300uw/rialto-ocdm-13862/tests/mocks/OcdmSessionsCallbacksMock.h
2025-08-29 08:16:08,892 - Knowledge - INFO - adding /app/data/b2c/13862/b2300uw/rialto-ocdm-13862/library/source/MediaKeysCapabilitiesBackend.cpp to ingest queue
2025-08-29 08:16:08,893 - Knowledge - INFO - worker kw7 pull /app/data/b2c/13862/b2300uw/rialto-ocdm-13862/tests/mocks/OpenCDMSessionMock.h from ingest queue
2025-08-29 08:16:08,894 - Knowledge - INFO - adding /app/data/b2c/13862/b2300uw/rialto-ocdm-13862/tests/ut/CMakeLists.txt to ingest queue
2025-08-29 08:16:08,894 - Knowledge - INFO - worker kw14 pull /app/data/b2c/13862/b2300uw/rialto-ocdm-13862/tests/mocks/MediaKeysCapabilitiesMock.h from ingest queue
2025-08-29 08:16:08,895 - Knowledge - INFO - worker kw11 pull /app/data/b2c/13862/b2300uw/rialto-ocdm-13862/tests/mocks/CMakeLists.txt from ingest queue
2025-08-29 08:16:08,898 - Knowledge - INFO - adding /app/data/b2c/13862/b2300uw/rialto-ocdm-13862/tests/third-party/source/MediaKeysFactory.cpp to ingest queue
2025-08-29 08:16:08,898 - Knowledge - INFO - worker kw10 pull /app/data/b2c/13862/b2300uw/rialto-ocdm-13862/tests/mocks/ControlMock.h from ingest queue
2025-08-29 08:16:08,899 - Knowledge - INFO - adding /app/data/b2c/13862/b2300uw/rialto-ocdm-13862/tests/ut/MessageDispatcherTests.cpp to ingest queue
2025-08-29 08:16:08,899 - Knowledge - INFO - worker kw1 pull /app/data/b2c/13862/b2300uw/rialto-ocdm-13862/tests/mocks/MessageDispatcherClientMock.h from ingest queue
2025-08-29 08:16:08,900 - Knowledge - INFO - Found code-base-name: https://github.com/kavia-common/rialto-ocdm-13862.git:kavia-6.0.0-rc1
2025-08-29 08:16:08,900 - Knowledge - INFO - Found code_base: <app.utils.kg_build.knowledge.KnowledgeCodeBase object at 0x7f59a0ad26d0>
2025-08-29 08:16:08,900 - Knowledge - INFO - persist ingested knowledge for /app/data/b2c/13862/b2300uw/rialto-ocdm-13862/tests/ut/OpenCdmSystemTests.cpp
2025-08-29 08:16:08,901 - Knowledge - INFO - worker kw4 pull /app/data/b2c/13862/b2300uw/rialto-ocdm-13862/tests/mocks/MediaKeysClientMock.h from ingest queue
2025-08-29 08:16:08,901 - Knowledge - INFO - adding /app/data/b2c/13862/b2300uw/rialto-ocdm-13862/tests/ut/LoggerTests.cpp to ingest queue
2025-08-29 08:16:08,995 - Knowledge - INFO - process ingested knowledge for /app/data/b2c/13862/b2300uw/rialto-ocdm-13862/tests/mocks/CMakeLists.txt
2025-08-29 08:16:08,995 - Knowledge - INFO - process ingested knowledge for /app/data/b2c/13862/b2300uw/rialto-ocdm-13862/tests/mocks/OpenCDMSessionMock.h
2025-08-29 08:16:08,997 - Knowledge - INFO - process ingested knowledge for /app/data/b2c/13862/b2300uw/rialto-ocdm-13862/tests/mocks/MediaKeysClientMock.h
2025-08-29 08:16:09,003 - Knowledge - INFO - process ingested knowledge for /app/data/b2c/13862/b2300uw/rialto-ocdm-13862/tests/mocks/MediaKeysCapabilitiesMock.h
2025-08-29 08:16:09,004 - Knowledge - INFO - process ingested knowledge for /app/data/b2c/13862/b2300uw/rialto-ocdm-13862/tests/mocks/MessageDispatcherClientMock.h
2025-08-29 08:16:09,013 - Knowledge - INFO - process ingested knowledge for /app/data/b2c/13862/b2300uw/rialto-ocdm-13862/tests/mocks/ControlMock.h
2025-08-29 08:16:09,066 - Knowledge - INFO - Found code-base-name: https://github.com/kavia-common/rialto-ocdm-13862.git:kavia-6.0.0-rc1
2025-08-29 08:16:09,066 - Knowledge - INFO - Found code_base: <app.utils.kg_build.knowledge.KnowledgeCodeBase object at 0x7f59a0ad26d0>
2025-08-29 08:16:09,066 - Knowledge - INFO - persist ingested knowledge for /app/data/b2c/13862/b2300uw/rialto-ocdm-13862/tests/mocks/CdmBackendMock.h
2025-08-29 08:16:09,067 - Knowledge - INFO - Found code-base-name: https://github.com/kavia-common/rialto-ocdm-13862.git:kavia-6.0.0-rc1
2025-08-29 08:16:09,067 - Knowledge - INFO - Found code_base: <app.utils.kg_build.knowledge.KnowledgeCodeBase object at 0x7f59a0ad26d0>
2025-08-29 08:16:09,067 - Knowledge - INFO - persist ingested knowledge for /app/data/b2c/13862/b2300uw/rialto-ocdm-13862/tests/mocks/MessageDispatcherMock.h
2025-08-29 08:16:09,067 - Knowledge - INFO - adding /app/data/b2c/13862/b2300uw/rialto-ocdm-13862/tests/ut/OpenCdmExtTests.cpp to ingest queue
2025-08-29 08:16:09,067 - Knowledge - INFO - adding /app/data/b2c/13862/b2300uw/rialto-ocdm-13862/tests/ut/ActiveSessionsTests.cpp to ingest queue
2025-08-29 08:16:09,068 - Knowledge - INFO - worker kw17 pull /app/data/b2c/13862/b2300uw/rialto-ocdm-13862/tests/mocks/OpenCDMSystemMock.h from ingest queue
2025-08-29 08:16:09,068 - Knowledge - INFO - adding /app/data/b2c/13862/b2300uw/rialto-ocdm-13862/tests/ut/OpenCdmTests.cpp to ingest queue
2025-08-29 08:16:09,069 - Knowledge - INFO - adding /app/data/b2c/13862/b2300uw/rialto-ocdm-13862/tests/ut/CdmBackendTests.cpp to ingest queue
2025-08-29 08:16:09,069 - Knowledge - INFO - worker kw22 pull /app/data/b2c/13862/b2300uw/rialto-ocdm-13862/CONTRIBUTING.md from ingest queue
2025-08-29 08:16:09,071 - Knowledge - INFO - worker kw24 pull /app/data/b2c/13862/b2300uw/rialto-ocdm-13862/CHANGELOG.md from ingest queue
2025-08-29 08:16:09,072 - Knowledge - INFO - adding /app/data/b2c/13862/b2300uw/rialto-ocdm-13862/tests/ut/MediaKeysCapabilitiesBackendTests.cpp to ingest queue
2025-08-29 08:16:09,072 - Knowledge - INFO - worker kw21 pull /app/data/b2c/13862/b2300uw/rialto-ocdm-13862/build_ut.py from ingest queue
2025-08-29 08:16:09,073 - Knowledge - INFO - worker kw8 pull /app/data/b2c/13862/b2300uw/rialto-ocdm-13862/cmake/googletest.cmake from ingest queue
2025-08-29 08:16:09,073 - Knowledge - INFO - Thread kw8 - File googletest.cmake - Remaining files in queue: 45
2025-08-29 08:16:09,074 - Knowledge - INFO - start ingest for /app/data/b2c/13862/b2300uw/rialto-ocdm-13862/cmake/googletest.cmake
2025-08-29 08:16:09,074 - Knowledge - INFO - adding /app/data/b2c/13862/b2300uw/rialto-ocdm-13862/README.md to ingest queue
2025-08-29 08:16:09,074 - Knowledge - INFO - Found code-base-name: https://github.com/kavia-common/rialto-ocdm-13862.git:kavia-6.0.0-rc1
2025-08-29 08:16:09,074 - Knowledge - INFO - Found code_base: <app.utils.kg_build.knowledge.KnowledgeCodeBase object at 0x7f59a0ad26d0>
2025-08-29 08:16:09,074 - Knowledge - INFO - persist ingested knowledge for /app/data/b2c/13862/b2300uw/rialto-ocdm-13862/tests/mocks/OpenCDMSessionMock.h
2025-08-29 08:16:09,074 - Knowledge - INFO - Found code-base-name: https://github.com/kavia-common/rialto-ocdm-13862.git:kavia-6.0.0-rc1
2025-08-29 08:16:09,074 - Knowledge - INFO - Found code_base: <app.utils.kg_build.knowledge.KnowledgeCodeBase object at 0x7f59a0ad26d0>
2025-08-29 08:16:09,074 - Knowledge - INFO - persist ingested knowledge for /app/data/b2c/13862/b2300uw/rialto-ocdm-13862/tests/mocks/MediaKeysCapabilitiesMock.h
2025-08-29 08:16:09,075 - Knowledge - INFO - Found code-base-name: https://github.com/kavia-common/rialto-ocdm-13862.git:kavia-6.0.0-rc1
2025-08-29 08:16:09,075 - Knowledge - INFO - Found code_base: <app.utils.kg_build.knowledge.KnowledgeCodeBase object at 0x7f59a0ad26d0>
2025-08-29 08:16:09,075 - Knowledge - INFO - persist ingested knowledge for /app/data/b2c/13862/b2300uw/rialto-ocdm-13862/tests/mocks/MessageDispatcherClientMock.h
2025-08-29 08:16:09,076 - Knowledge - INFO - Found code-base-name: https://github.com/kavia-common/rialto-ocdm-13862.git:kavia-6.0.0-rc1
2025-08-29 08:16:09,076 - Knowledge - INFO - Found code_base: <app.utils.kg_build.knowledge.KnowledgeCodeBase object at 0x7f59a0ad26d0>
2025-08-29 08:16:09,076 - Knowledge - INFO - persist ingested knowledge for /app/data/b2c/13862/b2300uw/rialto-ocdm-13862/tests/mocks/ControlMock.h
2025-08-29 08:16:09,110 - Knowledge - INFO - process ingested knowledge for /app/data/b2c/13862/b2300uw/rialto-ocdm-13862/CONTRIBUTING.md
2025-08-29 08:16:09,112 - Knowledge - INFO - process ingested knowledge for /app/data/b2c/13862/b2300uw/rialto-ocdm-13862/CHANGELOG.md
2025-08-29 08:16:09,127 - Knowledge - INFO - process ingested knowledge for /app/data/b2c/13862/b2300uw/rialto-ocdm-13862/tests/mocks/OpenCDMSystemMock.h
2025-08-29 08:16:09,128 - Knowledge - INFO - process ingested knowledge for /app/data/b2c/13862/b2300uw/rialto-ocdm-13862/build_ut.py
2025-08-29 08:16:09,294 - Knowledge - INFO - adding /app/data/b2c/13862/b2300uw/rialto-ocdm-13862/tests/ut/OpenCdmAdapterTests.cpp to ingest queue
2025-08-29 08:16:09,629 - Knowledge - INFO - Found code-base-name: https://github.com/kavia-common/rialto-ocdm-13862.git:kavia-6.0.0-rc1
2025-08-29 08:16:09,629 - Knowledge - INFO - Found code_base: <app.utils.kg_build.knowledge.KnowledgeCodeBase object at 0x7f59a0ad26d0>
2025-08-29 08:16:09,629 - Knowledge - INFO - persist ingested knowledge for /app/data/b2c/13862/b2300uw/rialto-ocdm-13862/tests/mocks/OcdmSessionsCallbacksMock.h
2025-08-29 08:16:09,629 - Knowledge - INFO - worker kw16 pull /app/data/b2c/13862/b2300uw/rialto-ocdm-13862/library/include/IMessageDispatcher.h from ingest queue
2025-08-29 08:16:09,629 - Knowledge - INFO - Thread kw16 - File IMessageDispatcher.h - Remaining files in queue: 46
2025-08-29 08:16:09,630 - Knowledge - INFO - worker kw19 pull /app/data/b2c/13862/b2300uw/rialto-ocdm-13862/TERMS.md from ingest queue
2025-08-29 08:16:09,630 - Knowledge - INFO - Thread kw19 - File TERMS.md - Remaining files in queue: 45
2025-08-29 08:16:09,630 - Knowledge - INFO - start ingest for /app/data/b2c/13862/b2300uw/rialto-ocdm-13862/TERMS.md
2025-08-29 08:16:09,630 - Knowledge - INFO - start ingest for /app/data/b2c/13862/b2300uw/rialto-ocdm-13862/library/include/IMessageDispatcher.h
2025-08-29 08:16:09,630 - Knowledge - INFO - worker kw15 pull /app/data/b2c/13862/b2300uw/rialto-ocdm-13862/cmake/FindRialto.cmake from ingest queue
2025-08-29 08:16:09,630 - Knowledge - INFO - Thread kw15 - File FindRialto.cmake - Remaining files in queue: 44
2025-08-29 08:16:09,631 - Knowledge - INFO - start ingest for /app/data/b2c/13862/b2300uw/rialto-ocdm-13862/cmake/FindRialto.cmake
2025-08-29 08:16:09,631 - Knowledge - INFO - worker kw23 pull /app/data/b2c/13862/b2300uw/rialto-ocdm-13862/scripts/clang-format/process_clang-format_errors.py from ingest queue
2025-08-29 08:16:09,631 - Knowledge - INFO - Thread kw23 - File process_clang-format_errors.py - Remaining files in queue: 43
2025-08-29 08:16:09,631 - Knowledge - INFO - start ingest for /app/data/b2c/13862/b2300uw/rialto-ocdm-13862/scripts/clang-format/process_clang-format_errors.py
2025-08-29 08:16:09,632 - Knowledge - INFO - adding /app/data/b2c/13862/b2300uw/rialto-ocdm-13862/library/source/CdmBackend.cpp to ingest queue
2025-08-29 08:16:09,632 - Knowledge - INFO - worker kw18 pull /app/data/b2c/13862/b2300uw/rialto-ocdm-13862/docs/index.html from ingest queue
2025-08-29 08:16:09,633 - Knowledge - INFO - Thread kw18 - File index.html - Remaining files in queue: 43
2025-08-29 08:16:09,633 - Knowledge - INFO - start ingest for /app/data/b2c/13862/b2300uw/rialto-ocdm-13862/docs/index.html
2025-08-29 08:16:09,633 - Knowledge - INFO - Found code-base-name: https://github.com/kavia-common/rialto-ocdm-13862.git:kavia-6.0.0-rc1
2025-08-29 08:16:09,634 - Knowledge - INFO - Found code_base: <app.utils.kg_build.knowledge.KnowledgeCodeBase object at 0x7f59a0ad26d0>
2025-08-29 08:16:09,634 - Knowledge - INFO - persist ingested knowledge for /app/data/b2c/13862/b2300uw/rialto-ocdm-13862/tests/mocks/MediaKeysClientMock.h
2025-08-29 08:16:09,634 - Knowledge - INFO - Found code-base-name: https://github.com/kavia-common/rialto-ocdm-13862.git:kavia-6.0.0-rc1
2025-08-29 08:16:09,634 - Knowledge - INFO - Found code_base: <app.utils.kg_build.knowledge.KnowledgeCodeBase object at 0x7f59a0ad26d0>
2025-08-29 08:16:09,634 - Knowledge - INFO - persist ingested knowledge for /app/data/b2c/13862/b2300uw/rialto-ocdm-13862/tests/mocks/CMakeLists.txt
2025-08-29 08:16:09,635 - Knowledge - INFO - worker kw3 pull /app/data/b2c/13862/b2300uw/rialto-ocdm-13862/scripts/cpplint/cpplint.py from ingest queue
2025-08-29 08:16:09,635 - Knowledge - INFO - Thread kw3 - File cpplint.py - Remaining files in queue: 42
2025-08-29 08:16:09,635 - Knowledge - INFO - start ingest for /app/data/b2c/13862/b2300uw/rialto-ocdm-13862/scripts/cpplint/cpplint.py
2025-08-29 08:16:09,636 - Knowledge - INFO - Fast-track processing for simple file: /app/data/b2c/13862/b2300uw/rialto-ocdm-13862/TERMS.md
2025-08-29 08:16:09,636 - Knowledge - INFO - done fast ingest for /app/data/b2c/13862/b2300uw/rialto-ocdm-13862/TERMS.md
2025-08-29 08:16:09,647 - Knowledge - INFO - process ingested knowledge for /app/data/b2c/13862/b2300uw/rialto-ocdm-13862/TERMS.md
2025-08-29 08:16:09,947 - Knowledge - INFO - adding /app/data/b2c/13862/b2300uw/rialto-ocdm-13862/tests/mocks/MediaKeysMock.h to ingest queue
2025-08-29 08:16:09,948 - Knowledge - INFO - Found code-base-name: https://github.com/kavia-common/rialto-ocdm-13862.git:kavia-6.0.0-rc1
2025-08-29 08:16:09,948 - Knowledge - INFO - Found code_base: <app.utils.kg_build.knowledge.KnowledgeCodeBase object at 0x7f59a0ad26d0>
2025-08-29 08:16:09,948 - Knowledge - INFO - persist ingested knowledge for /app/data/b2c/13862/b2300uw/rialto-ocdm-13862/CONTRIBUTING.md
2025-08-29 08:16:09,948 - Knowledge - INFO - Found code-base-name: https://github.com/kavia-common/rialto-ocdm-13862.git:kavia-6.0.0-rc1
2025-08-29 08:16:09,948 - Knowledge - INFO - Found code_base: <app.utils.kg_build.knowledge.KnowledgeCodeBase object at 0x7f59a0ad26d0>
2025-08-29 08:16:09,948 - Knowledge - INFO - persist ingested knowledge for /app/data/b2c/13862/b2300uw/rialto-ocdm-13862/tests/mocks/OpenCDMSystemMock.h
2025-08-29 08:16:09,949 - Knowledge - INFO - Found code-base-name: https://github.com/kavia-common/rialto-ocdm-13862.git:kavia-6.0.0-rc1
2025-08-29 08:16:09,949 - Knowledge - INFO - Found code_base: <app.utils.kg_build.knowledge.KnowledgeCodeBase object at 0x7f59a0ad26d0>
2025-08-29 08:16:09,949 - Knowledge - INFO - persist ingested knowledge for /app/data/b2c/13862/b2300uw/rialto-ocdm-13862/build_ut.py
2025-08-29 08:16:09,949 - Knowledge - INFO - adding /app/data/b2c/13862/b2300uw/rialto-ocdm-13862/tests/mocks/ControlMock.h to ingest queue
2025-08-29 08:16:09,949 - Knowledge - INFO - worker kw25 pull /app/data/b2c/13862/b2300uw/rialto-ocdm-13862/scripts/valgrind/process_valgrind_results.py from ingest queue
2025-08-29 08:16:09,949 - Knowledge - INFO - Thread kw25 - File process_valgrind_results.py - Remaining files in queue: 43
2025-08-29 08:16:09,950 - Knowledge - INFO - start ingest for /app/data/b2c/13862/b2300uw/rialto-ocdm-13862/scripts/valgrind/process_valgrind_results.py
2025-08-29 08:16:09,950 - Knowledge - INFO - adding /app/data/b2c/13862/b2300uw/rialto-ocdm-13862/tests/mocks/CdmBackendMock.h to ingest queue
2025-08-29 08:16:09,950 - Knowledge - INFO - adding /app/data/b2c/13862/b2300uw/rialto-ocdm-13862/tests/mocks/MessageDispatcherMock.h to ingest queue
2025-08-29 08:16:10,043 - Knowledge - INFO - adding /app/data/b2c/13862/b2300uw/rialto-ocdm-13862/tests/ut/OpenCdmSystemTests.cpp to ingest queue
2025-08-29 08:16:10,100 - Knowledge - INFO - adding /app/data/b2c/13862/b2300uw/rialto-ocdm-13862/tests/mocks/OpenCDMSessionMock.h to ingest queue
2025-08-29 08:16:10,100 - Knowledge - INFO - worker kw7 pull /app/data/b2c/13862/b2300uw/rialto-ocdm-13862/library/include/CdmBackend.h from ingest queue
2025-08-29 08:16:10,101 - Knowledge - INFO - Thread kw7 - File CdmBackend.h - Remaining files in queue: 46
2025-08-29 08:16:10,101 - Knowledge - INFO - start ingest for /app/data/b2c/13862/b2300uw/rialto-ocdm-13862/library/include/CdmBackend.h
2025-08-29 08:16:10,102 - Knowledge - INFO - adding /app/data/b2c/13862/b2300uw/rialto-ocdm-13862/tests/mocks/MediaKeysCapabilitiesMock.h to ingest queue
2025-08-29 08:16:10,104 - Knowledge - INFO - adding /app/data/b2c/13862/b2300uw/rialto-ocdm-13862/tests/mocks/MessageDispatcherClientMock.h to ingest queue
2025-08-29 08:16:10,165 - Knowledge - INFO - worker kw10 pull /app/data/b2c/13862/b2300uw/rialto-ocdm-13862/library/include/Logger.h from ingest queue
2025-08-29 08:16:10,165 - Knowledge - INFO - Thread kw10 - File Logger.h - Remaining files in queue: 47
2025-08-29 08:16:10,165 - Knowledge - INFO - start ingest for /app/data/b2c/13862/b2300uw/rialto-ocdm-13862/library/include/Logger.h
2025-08-29 08:16:10,165 - Knowledge - INFO - worker kw6 pull /app/data/b2c/13862/b2300uw/rialto-ocdm-13862/library/include/OpenCDMSession.h from ingest queue
2025-08-29 08:16:10,165 - Knowledge - INFO - Thread kw6 - File OpenCDMSession.h - Remaining files in queue: 46
2025-08-29 08:16:10,166 - Knowledge - INFO - start ingest for /app/data/b2c/13862/b2300uw/rialto-ocdm-13862/library/include/OpenCDMSession.h
2025-08-29 08:16:10,166 - Knowledge - INFO - worker kw13 pull /app/data/b2c/13862/b2300uw/rialto-ocdm-13862/library/include/MediaKeysCapabilitiesBackend.h from ingest queue
2025-08-29 08:16:10,166 - Knowledge - INFO - Thread kw13 - File MediaKeysCapabilitiesBackend.h - Remaining files in queue: 45
2025-08-29 08:16:10,166 - Knowledge - INFO - start ingest for /app/data/b2c/13862/b2300uw/rialto-ocdm-13862/library/include/MediaKeysCapabilitiesBackend.h
2025-08-29 08:16:10,357 - Knowledge - INFO - worker kw12 pull /app/data/b2c/13862/b2300uw/rialto-ocdm-13862/library/include/MessageDispatcher.h from ingest queue
2025-08-29 08:16:10,357 - Knowledge - INFO - Thread kw12 - File MessageDispatcher.h - Remaining files in queue: 44
2025-08-29 08:16:10,357 - Knowledge - INFO - start ingest for /app/data/b2c/13862/b2300uw/rialto-ocdm-13862/library/include/MessageDispatcher.h
2025-08-29 08:16:10,396 - Knowledge - INFO - worker kw2 pull /app/data/b2c/13862/b2300uw/rialto-ocdm-13862/library/include/OpenCDMSystemPrivate.h from ingest queue
2025-08-29 08:16:10,396 - Knowledge - INFO - Thread kw2 - File OpenCDMSystemPrivate.h - Remaining files in queue: 43
2025-08-29 08:16:10,396 - Knowledge - INFO - start ingest for /app/data/b2c/13862/b2300uw/rialto-ocdm-13862/library/include/OpenCDMSystemPrivate.h
2025-08-29 08:16:10,610 - Knowledge - INFO - Found code-base-name: https://github.com/kavia-common/rialto-ocdm-13862.git:kavia-6.0.0-rc1
2025-08-29 08:16:10,610 - Knowledge - INFO - Found code_base: <app.utils.kg_build.knowledge.KnowledgeCodeBase object at 0x7f59a0ad26d0>
2025-08-29 08:16:10,610 - Knowledge - INFO - persist ingested knowledge for /app/data/b2c/13862/b2300uw/rialto-ocdm-13862/TERMS.md
2025-08-29 08:16:10,611 - Knowledge - INFO - worker kw9 pull /app/data/b2c/13862/b2300uw/rialto-ocdm-13862/library/include/OpenCDMSessionPrivate.h from ingest queue
2025-08-29 08:16:10,611 - Knowledge - INFO - Thread kw9 - File OpenCDMSessionPrivate.h - Remaining files in queue: 42
2025-08-29 08:16:10,612 - Knowledge - INFO - start ingest for /app/data/b2c/13862/b2300uw/rialto-ocdm-13862/library/include/OpenCDMSessionPrivate.h
2025-08-29 08:16:10,613 - Knowledge - INFO - worker kw20 pull /app/data/b2c/13862/b2300uw/rialto-ocdm-13862/CMakeLists.txt from ingest queue
2025-08-29 08:16:10,613 - Knowledge - INFO - Thread kw20 - File CMakeLists.txt - Remaining files in queue: 41
2025-08-29 08:16:10,613 - Knowledge - INFO - start ingest for /app/data/b2c/13862/b2300uw/rialto-ocdm-13862/CMakeLists.txt
2025-08-29 08:16:10,617 - Knowledge - INFO - Found code-base-name: https://github.com/kavia-common/rialto-ocdm-13862.git:kavia-6.0.0-rc1
2025-08-29 08:16:10,617 - Knowledge - INFO - Found code_base: <app.utils.kg_build.knowledge.KnowledgeCodeBase object at 0x7f59a0ad26d0>
2025-08-29 08:16:10,617 - Knowledge - INFO - persist ingested knowledge for /app/data/b2c/13862/b2300uw/rialto-ocdm-13862/CHANGELOG.md
2025-08-29 08:16:10,631 - Knowledge - INFO - adding /app/data/b2c/13862/b2300uw/rialto-ocdm-13862/tests/mocks/CMakeLists.txt to ingest queue
2025-08-29 08:16:10,632 - Knowledge - INFO - Fast-track processing for simple file: /app/data/b2c/13862/b2300uw/rialto-ocdm-13862/CMakeLists.txt
2025-08-29 08:16:10,633 - Knowledge - INFO - done fast ingest for /app/data/b2c/13862/b2300uw/rialto-ocdm-13862/CMakeLists.txt
2025-08-29 08:16:10,633 - Knowledge - INFO - process ingested knowledge for /app/data/b2c/13862/b2300uw/rialto-ocdm-13862/CMakeLists.txt
2025-08-29 08:16:10,816 - Knowledge - INFO - worker kw1 pull /app/data/b2c/13862/b2300uw/rialto-ocdm-13862/library/include/RialtoGStreamerEMEProtectionMetadata.h from ingest queue
2025-08-29 08:16:10,816 - Knowledge - INFO - Thread kw1 - File RialtoGStreamerEMEProtectionMetadata.h - Remaining files in queue: 41
2025-08-29 08:16:10,816 - Knowledge - INFO - start ingest for /app/data/b2c/13862/b2300uw/rialto-ocdm-13862/library/include/RialtoGStreamerEMEProtectionMetadata.h
2025-08-29 08:16:11,004 - Knowledge - INFO - adding /app/data/b2c/13862/b2300uw/rialto-ocdm-13862/tests/mocks/OpenCDMSystemMock.h to ingest queue
2025-08-29 08:16:11,009 - Knowledge - INFO - adding /app/data/b2c/13862/b2300uw/rialto-ocdm-13862/tests/mocks/OcdmSessionsCallbacksMock.h to ingest queue
2025-08-29 08:16:11,016 - Knowledge - INFO - adding /app/data/b2c/13862/b2300uw/rialto-ocdm-13862/tests/mocks/MediaKeysClientMock.h to ingest queue
2025-08-29 08:16:11,019 - Knowledge - INFO - worker kw11 pull /app/data/b2c/13862/b2300uw/rialto-ocdm-13862/library/include/ActiveSessions.h from ingest queue
2025-08-29 08:16:11,020 - Knowledge - INFO - Thread kw11 - File ActiveSessions.h - Remaining files in queue: 43
2025-08-29 08:16:11,020 - Knowledge - INFO - start ingest for /app/data/b2c/13862/b2300uw/rialto-ocdm-13862/library/include/ActiveSessions.h
2025-08-29 08:16:11,023 - Knowledge - INFO - worker kw14 pull /app/data/b2c/13862/b2300uw/rialto-ocdm-13862/library/source/open_cdm_adapter.cpp from ingest queue
2025-08-29 08:16:11,023 - Knowledge - INFO - Thread kw14 - File open_cdm_adapter.cpp - Remaining files in queue: 42
2025-08-29 08:16:11,023 - Knowledge - INFO - start ingest for /app/data/b2c/13862/b2300uw/rialto-ocdm-13862/library/source/open_cdm_adapter.cpp
2025-08-29 08:16:11,027 - Knowledge - INFO - Found code-base-name: https://github.com/kavia-common/rialto-ocdm-13862.git:kavia-6.0.0-rc1
2025-08-29 08:16:11,028 - Knowledge - INFO - Found code_base: <app.utils.kg_build.knowledge.KnowledgeCodeBase object at 0x7f59a0ad26d0>
2025-08-29 08:16:11,028 - Knowledge - INFO - persist ingested knowledge for /app/data/b2c/13862/b2300uw/rialto-ocdm-13862/CMakeLists.txt
2025-08-29 08:16:11,030 - Knowledge - INFO - adding /app/data/b2c/13862/b2300uw/rialto-ocdm-13862/CONTRIBUTING.md to ingest queue
2025-08-29 08:16:11,036 - Knowledge - INFO - adding /app/data/b2c/13862/b2300uw/rialto-ocdm-13862/build_ut.py to ingest queue
2025-08-29 08:16:11,507 - Knowledge - INFO - worker kw4 pull /app/data/b2c/13862/b2300uw/rialto-ocdm-13862/library/source/ActiveSessions.cpp from ingest queue
2025-08-29 08:16:11,507 - Knowledge - INFO - Thread kw4 - File ActiveSessions.cpp - Remaining files in queue: 43
2025-08-29 08:16:11,507 - Knowledge - INFO - start ingest for /app/data/b2c/13862/b2300uw/rialto-ocdm-13862/library/source/ActiveSessions.cpp
2025-08-29 08:16:11,508 - Knowledge - INFO - worker kw22 pull /app/data/b2c/13862/b2300uw/rialto-ocdm-13862/library/source/OpenCDMSessionPrivate.cpp from ingest queue
2025-08-29 08:16:11,508 - Knowledge - INFO - Thread kw22 - File OpenCDMSessionPrivate.cpp - Remaining files in queue: 42
2025-08-29 08:16:11,508 - Knowledge - INFO - start ingest for /app/data/b2c/13862/b2300uw/rialto-ocdm-13862/library/source/OpenCDMSessionPrivate.cpp
2025-08-29 08:16:11,510 - Knowledge - INFO - worker kw17 pull /app/data/b2c/13862/b2300uw/rialto-ocdm-13862/library/include/ICdmBackend.h from ingest queue
2025-08-29 08:16:11,510 - Knowledge - INFO - Thread kw17 - File ICdmBackend.h - Remaining files in queue: 41
2025-08-29 08:16:11,510 - Knowledge - INFO - start ingest for /app/data/b2c/13862/b2300uw/rialto-ocdm-13862/library/include/ICdmBackend.h
2025-08-29 08:16:11,512 - Knowledge - INFO - worker kw21 pull /app/data/b2c/13862/b2300uw/rialto-ocdm-13862/library/CMakeLists.txt from ingest queue
2025-08-29 08:16:11,513 - Knowledge - INFO - Thread kw21 - File CMakeLists.txt - Remaining files in queue: 40
2025-08-29 08:16:11,513 - Knowledge - INFO - start ingest for /app/data/b2c/13862/b2300uw/rialto-ocdm-13862/library/CMakeLists.txt
2025-08-29 08:16:11,519 - Knowledge - INFO - worker kw5 pull /app/data/b2c/13862/b2300uw/rialto-ocdm-13862/library/source/open_cdm.cpp from ingest queue
2025-08-29 08:16:11,519 - Knowledge - INFO - Thread kw5 - File open_cdm.cpp - Remaining files in queue: 39
2025-08-29 08:16:11,519 - Knowledge - INFO - start ingest for /app/data/b2c/13862/b2300uw/rialto-ocdm-13862/library/source/open_cdm.cpp
2025-08-29 08:16:11,530 - Knowledge - INFO - worker kw19 pull /app/data/b2c/13862/b2300uw/rialto-ocdm-13862/library/include/OpenCDMSystem.h from ingest queue
2025-08-29 08:16:11,530 - Knowledge - INFO - Thread kw19 - File OpenCDMSystem.h - Remaining files in queue: 38
2025-08-29 08:16:11,530 - Knowledge - INFO - start ingest for /app/data/b2c/13862/b2300uw/rialto-ocdm-13862/library/include/OpenCDMSystem.h
2025-08-29 08:16:11,532 - Knowledge - INFO - adding /app/data/b2c/13862/b2300uw/rialto-ocdm-13862/CHANGELOG.md to ingest queue
2025-08-29 08:16:11,533 - Knowledge - INFO - Fast-track processing for simple file: /app/data/b2c/13862/b2300uw/rialto-ocdm-13862/library/CMakeLists.txt
2025-08-29 08:16:11,533 - Knowledge - INFO - done fast ingest for /app/data/b2c/13862/b2300uw/rialto-ocdm-13862/library/CMakeLists.txt
2025-08-29 08:16:11,539 - Knowledge - INFO - process ingested knowledge for /app/data/b2c/13862/b2300uw/rialto-ocdm-13862/library/CMakeLists.txt
2025-08-29 08:16:11,818 - Knowledge - INFO - worker kw24 pull /app/data/b2c/13862/b2300uw/rialto-ocdm-13862/library/source/open_cdm_ext.cpp from ingest queue
2025-08-29 08:16:11,818 - Knowledge - INFO - Thread kw24 - File open_cdm_ext.cpp - Remaining files in queue: 38
2025-08-29 08:16:11,818 - Knowledge - INFO - start ingest for /app/data/b2c/13862/b2300uw/rialto-ocdm-13862/library/source/open_cdm_ext.cpp
2025-08-29 08:16:11,823 - Knowledge - INFO - Found code-base-name: https://github.com/kavia-common/rialto-ocdm-13862.git:kavia-6.0.0-rc1
2025-08-29 08:16:11,824 - Knowledge - INFO - Found code_base: <app.utils.kg_build.knowledge.KnowledgeCodeBase object at 0x7f59a0ad26d0>
2025-08-29 08:16:11,824 - Knowledge - INFO - persist ingested knowledge for /app/data/b2c/13862/b2300uw/rialto-ocdm-13862/library/CMakeLists.txt
2025-08-29 08:16:11,827 - Knowledge - INFO - worker kw20 pull /app/data/b2c/13862/b2300uw/rialto-ocdm-13862/cppcheck_suppressions.xml from ingest queue
2025-08-29 08:16:11,827 - Knowledge - INFO - Thread kw20 - File cppcheck_suppressions.xml - Remaining files in queue: 37
2025-08-29 08:16:11,828 - Knowledge - INFO - start ingest for /app/data/b2c/13862/b2300uw/rialto-ocdm-13862/cppcheck_suppressions.xml
2025-08-29 08:16:11,837 - Knowledge - INFO - Fast-track processing for simple file: /app/data/b2c/13862/b2300uw/rialto-ocdm-13862/cppcheck_suppressions.xml
2025-08-29 08:16:11,837 - Knowledge - INFO - done fast ingest for /app/data/b2c/13862/b2300uw/rialto-ocdm-13862/cppcheck_suppressions.xml
2025-08-29 08:16:11,842 - Knowledge - INFO - process ingested knowledge for /app/data/b2c/13862/b2300uw/rialto-ocdm-13862/cppcheck_suppressions.xml
2025-08-29 08:16:12,102 - Knowledge - INFO - Found code-base-name: https://github.com/kavia-common/rialto-ocdm-13862.git:kavia-6.0.0-rc1
2025-08-29 08:16:12,102 - Knowledge - INFO - Found code_base: <app.utils.kg_build.knowledge.KnowledgeCodeBase object at 0x7f59a0ad26d0>
2025-08-29 08:16:12,102 - Knowledge - INFO - persist ingested knowledge for /app/data/b2c/13862/b2300uw/rialto-ocdm-13862/cppcheck_suppressions.xml
2025-08-29 08:16:12,105 - Knowledge - INFO - worker kw21 pull /app/data/b2c/13862/b2300uw/rialto-ocdm-13862/library/source/OpenCDMSystemPrivate.cpp from ingest queue
2025-08-29 08:16:12,105 - Knowledge - INFO - Thread kw21 - File OpenCDMSystemPrivate.cpp - Remaining files in queue: 36
2025-08-29 08:16:12,105 - Knowledge - INFO - start ingest for /app/data/b2c/13862/b2300uw/rialto-ocdm-13862/library/source/OpenCDMSystemPrivate.cpp
2025-08-29 08:16:12,610 - Knowledge - INFO - worker kw20 pull /app/data/b2c/13862/b2300uw/rialto-ocdm-13862/library/source/Logger.cpp from ingest queue
2025-08-29 08:16:12,610 - Knowledge - INFO - Thread kw20 - File Logger.cpp - Remaining files in queue: 35
2025-08-29 08:16:12,610 - Knowledge - INFO - start ingest for /app/data/b2c/13862/b2300uw/rialto-ocdm-13862/library/source/Logger.cpp
2025-08-29 08:16:17,908 - Knowledge - INFO - done ingest for /app/data/b2c/13862/b2300uw/rialto-ocdm-13862/docs/index.html
2025-08-29 08:16:17,908 - Knowledge - INFO - process ingested knowledge for /app/data/b2c/13862/b2300uw/rialto-ocdm-13862/docs/index.html
2025-08-29 08:16:17,908 - Knowledge - INFO - Found code-base-name: https://github.com/kavia-common/rialto-ocdm-13862.git:kavia-6.0.0-rc1
2025-08-29 08:16:17,908 - Knowledge - INFO - Found code_base: <app.utils.kg_build.knowledge.KnowledgeCodeBase object at 0x7f59a0ad26d0>
2025-08-29 08:16:17,908 - Knowledge - INFO - persist ingested knowledge for /app/data/b2c/13862/b2300uw/rialto-ocdm-13862/docs/index.html
2025-08-29 08:16:18,494 - Knowledge - INFO - worker kw18 pull /app/data/b2c/13862/b2300uw/rialto-ocdm-13862/tests/third-party/CMakeLists.txt from ingest queue
2025-08-29 08:16:18,494 - Knowledge - INFO - Thread kw18 - File CMakeLists.txt - Remaining files in queue: 34
2025-08-29 08:16:18,494 - Knowledge - INFO - start ingest for /app/data/b2c/13862/b2300uw/rialto-ocdm-13862/tests/third-party/CMakeLists.txt
2025-08-29 08:16:18,508 - Knowledge - INFO - Fast-track processing for simple file: /app/data/b2c/13862/b2300uw/rialto-ocdm-13862/tests/third-party/CMakeLists.txt
2025-08-29 08:16:18,508 - Knowledge - INFO - done fast ingest for /app/data/b2c/13862/b2300uw/rialto-ocdm-13862/tests/third-party/CMakeLists.txt
2025-08-29 08:16:18,509 - Knowledge - INFO - process ingested knowledge for /app/data/b2c/13862/b2300uw/rialto-ocdm-13862/tests/third-party/CMakeLists.txt
2025-08-29 08:16:18,509 - Knowledge - INFO - Found code-base-name: https://github.com/kavia-common/rialto-ocdm-13862.git:kavia-6.0.0-rc1
2025-08-29 08:16:18,509 - Knowledge - INFO - Found code_base: <app.utils.kg_build.knowledge.KnowledgeCodeBase object at 0x7f59a0ad26d0>
2025-08-29 08:16:18,509 - Knowledge - INFO - persist ingested knowledge for /app/data/b2c/13862/b2300uw/rialto-ocdm-13862/tests/third-party/CMakeLists.txt
2025-08-29 08:16:18,627 - Knowledge - INFO - done ingest for /app/data/b2c/13862/b2300uw/rialto-ocdm-13862/cmake/FindRialto.cmake
2025-08-29 08:16:18,628 - Knowledge - INFO - process ingested knowledge for /app/data/b2c/13862/b2300uw/rialto-ocdm-13862/cmake/FindRialto.cmake
2025-08-29 08:16:18,823 - Knowledge - INFO - Found code-base-name: https://github.com/kavia-common/rialto-ocdm-13862.git:kavia-6.0.0-rc1
2025-08-29 08:16:18,824 - Knowledge - INFO - Found code_base: <app.utils.kg_build.knowledge.KnowledgeCodeBase object at 0x7f59a0ad26d0>
2025-08-29 08:16:18,824 - Knowledge - INFO - persist ingested knowledge for /app/data/b2c/13862/b2300uw/rialto-ocdm-13862/cmake/FindRialto.cmake
2025-08-29 08:16:18,826 - Knowledge - INFO - worker kw18 pull /app/data/b2c/13862/b2300uw/rialto-ocdm-13862/library/source/RialtoGStreamerEMEProtectionMetadata.cpp from ingest queue
2025-08-29 08:16:18,826 - Knowledge - INFO - Thread kw18 - File RialtoGStreamerEMEProtectionMetadata.cpp - Remaining files in queue: 33
2025-08-29 08:16:18,826 - Knowledge - INFO - start ingest for /app/data/b2c/13862/b2300uw/rialto-ocdm-13862/library/source/RialtoGStreamerEMEProtectionMetadata.cpp
2025-08-29 08:16:19,421 - Knowledge - INFO - worker kw15 pull /app/data/b2c/13862/b2300uw/rialto-ocdm-13862/tests/third-party/source/ControlFactory.cpp from ingest queue
2025-08-29 08:16:19,421 - Knowledge - INFO - Thread kw15 - File ControlFactory.cpp - Remaining files in queue: 32
2025-08-29 08:16:19,421 - Knowledge - INFO - start ingest for /app/data/b2c/13862/b2300uw/rialto-ocdm-13862/tests/third-party/source/ControlFactory.cpp
2025-08-29 08:16:19,717 - Knowledge - INFO - done ingest for /app/data/b2c/13862/b2300uw/rialto-ocdm-13862/cmake/googletest.cmake
2025-08-29 08:16:19,718 - Knowledge - INFO - process ingested knowledge for /app/data/b2c/13862/b2300uw/rialto-ocdm-13862/cmake/googletest.cmake
2025-08-29 08:16:19,718 - Knowledge - INFO - Found code-base-name: https://github.com/kavia-common/rialto-ocdm-13862.git:kavia-6.0.0-rc1
2025-08-29 08:16:19,718 - Knowledge - INFO - Found code_base: <app.utils.kg_build.knowledge.KnowledgeCodeBase object at 0x7f59a0ad26d0>
2025-08-29 08:16:19,719 - Knowledge - INFO - persist ingested knowledge for /app/data/b2c/13862/b2300uw/rialto-ocdm-13862/cmake/googletest.cmake
2025-08-29 08:16:20,132 - Knowledge - INFO - worker kw8 pull /app/data/b2c/13862/b2300uw/rialto-ocdm-13862/tests/third-party/source/MediaKeysCapabilitiesFactory.cpp from ingest queue
2025-08-29 08:16:20,132 - Knowledge - INFO - Thread kw8 - File MediaKeysCapabilitiesFactory.cpp - Remaining files in queue: 31
2025-08-29 08:16:20,132 - Knowledge - INFO - start ingest for /app/data/b2c/13862/b2300uw/rialto-ocdm-13862/tests/third-party/source/MediaKeysCapabilitiesFactory.cpp
2025-08-29 08:17:20,910 - Knowledge - INFO - done ingest for /app/data/b2c/13862/b2300uw/rialto-ocdm-13862/library/include/IMessageDispatcher.h
2025-08-29 08:17:21,097 - Knowledge - INFO - process ingested knowledge for /app/data/b2c/13862/b2300uw/rialto-ocdm-13862/library/include/IMessageDispatcher.h
2025-08-29 08:17:21,098 - Knowledge - INFO - Found code-base-name: https://github.com/kavia-common/rialto-ocdm-13862.git:kavia-6.0.0-rc1
2025-08-29 08:17:21,098 - Knowledge - INFO - Found code_base: <app.utils.kg_build.knowledge.KnowledgeCodeBase object at 0x7f59a0ad26d0>
2025-08-29 08:17:21,098 - Knowledge - INFO - persist ingested knowledge for /app/data/b2c/13862/b2300uw/rialto-ocdm-13862/library/include/IMessageDispatcher.h
2025-08-29 08:17:23,499 - Knowledge - INFO - persist search terms embedding for library/include/IMessageDispatcher.h
2025-08-29 08:17:23,500 - Knowledge - INFO - worker kw16 pull /app/data/b2c/13862/b2300uw/rialto-ocdm-13862/tests/third-party/source/OcdmSessionsCallbacks.cpp from ingest queue
2025-08-29 08:17:23,500 - Knowledge - INFO - Thread kw16 - File OcdmSessionsCallbacks.cpp - Remaining files in queue: 30
2025-08-29 08:17:23,500 - Knowledge - INFO - start ingest for /app/data/b2c/13862/b2300uw/rialto-ocdm-13862/tests/third-party/source/OcdmSessionsCallbacks.cpp
2025-08-29 08:17:25,294 - Knowledge - INFO - done ingest for /app/data/b2c/13862/b2300uw/rialto-ocdm-13862/scripts/clang-format/process_clang-format_errors.py
2025-08-29 08:17:25,427 - Knowledge - INFO - process ingested knowledge for /app/data/b2c/13862/b2300uw/rialto-ocdm-13862/scripts/clang-format/process_clang-format_errors.py
2025-08-29 08:17:25,428 - Knowledge - INFO - Found code-base-name: https://github.com/kavia-common/rialto-ocdm-13862.git:kavia-6.0.0-rc1
2025-08-29 08:17:25,428 - Knowledge - INFO - Found code_base: <app.utils.kg_build.knowledge.KnowledgeCodeBase object at 0x7f59a0ad26d0>
2025-08-29 08:17:25,428 - Knowledge - INFO - persist ingested knowledge for /app/data/b2c/13862/b2300uw/rialto-ocdm-13862/scripts/clang-format/process_clang-format_errors.py
2025-08-29 08:17:26,704 - Knowledge - INFO - persist search terms embedding for scripts/clang-format/process_clang-format_errors.py
2025-08-29 08:17:26,708 - Knowledge - INFO - worker kw23 pull /app/data/b2c/13862/b2300uw/rialto-ocdm-13862/library/source/MessageDispatcher.cpp from ingest queue
2025-08-29 08:17:26,708 - Knowledge - INFO - Thread kw23 - File MessageDispatcher.cpp - Remaining files in queue: 29
2025-08-29 08:17:26,708 - Knowledge - INFO - start ingest for /app/data/b2c/13862/b2300uw/rialto-ocdm-13862/library/source/MessageDispatcher.cpp
2025-08-29 08:17:37,109 - Knowledge - INFO - done ingest for /app/data/b2c/13862/b2300uw/rialto-ocdm-13862/scripts/valgrind/process_valgrind_results.py
2025-08-29 08:17:37,303 - Knowledge - INFO - process ingested knowledge for /app/data/b2c/13862/b2300uw/rialto-ocdm-13862/scripts/valgrind/process_valgrind_results.py
2025-08-29 08:17:37,303 - Knowledge - INFO - Found code-base-name: https://github.com/kavia-common/rialto-ocdm-13862.git:kavia-6.0.0-rc1
2025-08-29 08:17:37,303 - Knowledge - INFO - Found code_base: <app.utils.kg_build.knowledge.KnowledgeCodeBase object at 0x7f59a0ad26d0>
2025-08-29 08:17:37,303 - Knowledge - INFO - persist ingested knowledge for /app/data/b2c/13862/b2300uw/rialto-ocdm-13862/scripts/valgrind/process_valgrind_results.py
2025-08-29 08:17:38,796 - Knowledge - INFO - persist search terms embedding for scripts/valgrind/process_valgrind_results.py
2025-08-29 08:17:38,799 - Knowledge - INFO - worker kw25 pull /app/data/b2c/13862/b2300uw/rialto-ocdm-13862/tests/ut/OpenCdmSessionTests.cpp from ingest queue
2025-08-29 08:17:38,799 - Knowledge - INFO - Thread kw25 - File OpenCdmSessionTests.cpp - Remaining files in queue: 28
2025-08-29 08:17:38,799 - Knowledge - INFO - start ingest for /app/data/b2c/13862/b2300uw/rialto-ocdm-13862/tests/ut/OpenCdmSessionTests.cpp
2025-08-29 08:17:44,300 - Knowledge - INFO - done ingest for /app/data/b2c/13862/b2300uw/rialto-ocdm-13862/tests/third-party/source/ControlFactory.cpp
2025-08-29 08:17:44,424 - Knowledge - INFO - process ingested knowledge for /app/data/b2c/13862/b2300uw/rialto-ocdm-13862/tests/third-party/source/ControlFactory.cpp
2025-08-29 08:17:44,424 - Knowledge - INFO - Found code-base-name: https://github.com/kavia-common/rialto-ocdm-13862.git:kavia-6.0.0-rc1
2025-08-29 08:17:44,424 - Knowledge - INFO - Found code_base: <app.utils.kg_build.knowledge.KnowledgeCodeBase object at 0x7f59a0ad26d0>
2025-08-29 08:17:44,424 - Knowledge - INFO - persist ingested knowledge for /app/data/b2c/13862/b2300uw/rialto-ocdm-13862/tests/third-party/source/ControlFactory.cpp
2025-08-29 08:17:45,709 - Knowledge - INFO - persist search terms embedding for tests/third-party/source/ControlFactory.cpp
2025-08-29 08:17:45,714 - Knowledge - INFO - worker kw15 pull /app/data/b2c/13862/b2300uw/rialto-ocdm-13862/library/source/MediaKeysCapabilitiesBackend.cpp from ingest queue
2025-08-29 08:17:45,714 - Knowledge - INFO - Thread kw15 - File MediaKeysCapabilitiesBackend.cpp - Remaining files in queue: 27
2025-08-29 08:17:45,715 - Knowledge - INFO - start ingest for /app/data/b2c/13862/b2300uw/rialto-ocdm-13862/library/source/MediaKeysCapabilitiesBackend.cpp
2025-08-29 08:17:49,210 - Knowledge - INFO - done ingest for /app/data/b2c/13862/b2300uw/rialto-ocdm-13862/library/include/MediaKeysCapabilitiesBackend.h
2025-08-29 08:17:49,318 - Knowledge - INFO - process ingested knowledge for /app/data/b2c/13862/b2300uw/rialto-ocdm-13862/library/include/MediaKeysCapabilitiesBackend.h
2025-08-29 08:17:49,318 - Knowledge - INFO - Found code-base-name: https://github.com/kavia-common/rialto-ocdm-13862.git:kavia-6.0.0-rc1
2025-08-29 08:17:49,318 - Knowledge - INFO - Found code_base: <app.utils.kg_build.knowledge.KnowledgeCodeBase object at 0x7f59a0ad26d0>
2025-08-29 08:17:49,318 - Knowledge - INFO - persist ingested knowledge for /app/data/b2c/13862/b2300uw/rialto-ocdm-13862/library/include/MediaKeysCapabilitiesBackend.h
2025-08-29 08:17:50,606 - Knowledge - INFO - persist search terms embedding for library/include/MediaKeysCapabilitiesBackend.h
2025-08-29 08:17:50,609 - Knowledge - INFO - worker kw13 pull /app/data/b2c/13862/b2300uw/rialto-ocdm-13862/tests/ut/CMakeLists.txt from ingest queue
2025-08-29 08:17:50,609 - Knowledge - INFO - Thread kw13 - File CMakeLists.txt - Remaining files in queue: 26
2025-08-29 08:17:50,609 - Knowledge - INFO - start ingest for /app/data/b2c/13862/b2300uw/rialto-ocdm-13862/tests/ut/CMakeLists.txt
2025-08-29 08:17:50,699 - Knowledge - INFO - Fast-track processing for simple file: /app/data/b2c/13862/b2300uw/rialto-ocdm-13862/tests/ut/CMakeLists.txt
2025-08-29 08:17:50,700 - Knowledge - INFO - done fast ingest for /app/data/b2c/13862/b2300uw/rialto-ocdm-13862/tests/ut/CMakeLists.txt
2025-08-29 08:17:50,700 - Knowledge - INFO - process ingested knowledge for /app/data/b2c/13862/b2300uw/rialto-ocdm-13862/tests/ut/CMakeLists.txt
2025-08-29 08:17:50,700 - Knowledge - INFO - Found code-base-name: https://github.com/kavia-common/rialto-ocdm-13862.git:kavia-6.0.0-rc1
2025-08-29 08:17:50,700 - Knowledge - INFO - Found code_base: <app.utils.kg_build.knowledge.KnowledgeCodeBase object at 0x7f59a0ad26d0>
2025-08-29 08:17:50,700 - Knowledge - INFO - persist ingested knowledge for /app/data/b2c/13862/b2300uw/rialto-ocdm-13862/tests/ut/CMakeLists.txt
2025-08-29 08:17:51,394 - Knowledge - INFO - worker kw13 pull /app/data/b2c/13862/b2300uw/rialto-ocdm-13862/tests/third-party/source/MediaKeysFactory.cpp from ingest queue
2025-08-29 08:17:51,394 - Knowledge - INFO - Thread kw13 - File MediaKeysFactory.cpp - Remaining files in queue: 25
2025-08-29 08:17:51,394 - Knowledge - INFO - start ingest for /app/data/b2c/13862/b2300uw/rialto-ocdm-13862/tests/third-party/source/MediaKeysFactory.cpp
2025-08-29 08:17:58,098 - Knowledge - INFO - done ingest for /app/data/b2c/13862/b2300uw/rialto-ocdm-13862/tests/third-party/source/MediaKeysCapabilitiesFactory.cpp
2025-08-29 08:17:58,196 - Knowledge - INFO - process ingested knowledge for /app/data/b2c/13862/b2300uw/rialto-ocdm-13862/tests/third-party/source/MediaKeysCapabilitiesFactory.cpp
2025-08-29 08:17:58,196 - Knowledge - INFO - Found code-base-name: https://github.com/kavia-common/rialto-ocdm-13862.git:kavia-6.0.0-rc1
2025-08-29 08:17:58,196 - Knowledge - INFO - Found code_base: <app.utils.kg_build.knowledge.KnowledgeCodeBase object at 0x7f59a0ad26d0>
2025-08-29 08:17:58,196 - Knowledge - INFO - persist ingested knowledge for /app/data/b2c/13862/b2300uw/rialto-ocdm-13862/tests/third-party/source/MediaKeysCapabilitiesFactory.cpp
2025-08-29 08:17:59,423 - Knowledge - INFO - persist search terms embedding for tests/third-party/source/MediaKeysCapabilitiesFactory.cpp
2025-08-29 08:17:59,428 - Knowledge - INFO - worker kw8 pull /app/data/b2c/13862/b2300uw/rialto-ocdm-13862/tests/ut/MessageDispatcherTests.cpp from ingest queue
2025-08-29 08:17:59,428 - Knowledge - INFO - Thread kw8 - File MessageDispatcherTests.cpp - Remaining files in queue: 24
2025-08-29 08:17:59,491 - Knowledge - INFO - start ingest for /app/data/b2c/13862/b2300uw/rialto-ocdm-13862/tests/ut/MessageDispatcherTests.cpp
2025-08-29 08:18:01,593 - Knowledge - INFO - done ingest for /app/data/b2c/13862/b2300uw/rialto-ocdm-13862/library/source/ActiveSessions.cpp
2025-08-29 08:18:01,810 - Knowledge - INFO - process ingested knowledge for /app/data/b2c/13862/b2300uw/rialto-ocdm-13862/library/source/ActiveSessions.cpp
2025-08-29 08:18:01,811 - Knowledge - INFO - Found code-base-name: https://github.com/kavia-common/rialto-ocdm-13862.git:kavia-6.0.0-rc1
2025-08-29 08:18:01,811 - Knowledge - INFO - Found code_base: <app.utils.kg_build.knowledge.KnowledgeCodeBase object at 0x7f59a0ad26d0>
2025-08-29 08:18:01,811 - Knowledge - INFO - persist ingested knowledge for /app/data/b2c/13862/b2300uw/rialto-ocdm-13862/library/source/ActiveSessions.cpp
2025-08-29 08:18:02,919 - Knowledge - INFO - persist search terms embedding for library/source/ActiveSessions.cpp
2025-08-29 08:18:02,994 - Knowledge - INFO - worker kw4 pull /app/data/b2c/13862/b2300uw/rialto-ocdm-13862/tests/ut/LoggerTests.cpp from ingest queue
2025-08-29 08:18:02,995 - Knowledge - INFO - Thread kw4 - File LoggerTests.cpp - Remaining files in queue: 23
2025-08-29 08:18:02,995 - Knowledge - INFO - start ingest for /app/data/b2c/13862/b2300uw/rialto-ocdm-13862/tests/ut/LoggerTests.cpp
2025-08-29 08:18:05,515 - Knowledge - INFO - done ingest for /app/data/b2c/13862/b2300uw/rialto-ocdm-13862/library/include/ActiveSessions.h
2025-08-29 08:18:05,696 - Knowledge - INFO - process ingested knowledge for /app/data/b2c/13862/b2300uw/rialto-ocdm-13862/library/include/ActiveSessions.h
2025-08-29 08:18:05,697 - Knowledge - INFO - Found code-base-name: https://github.com/kavia-common/rialto-ocdm-13862.git:kavia-6.0.0-rc1
2025-08-29 08:18:05,697 - Knowledge - INFO - Found code_base: <app.utils.kg_build.knowledge.KnowledgeCodeBase object at 0x7f59a0ad26d0>
2025-08-29 08:18:05,697 - Knowledge - INFO - persist ingested knowledge for /app/data/b2c/13862/b2300uw/rialto-ocdm-13862/library/include/ActiveSessions.h
2025-08-29 08:18:06,300 - Knowledge - INFO - done ingest for /app/data/b2c/13862/b2300uw/rialto-ocdm-13862/library/source/open_cdm_adapter.cpp
2025-08-29 08:18:06,491 - Knowledge - INFO - process ingested knowledge for /app/data/b2c/13862/b2300uw/rialto-ocdm-13862/library/source/open_cdm_adapter.cpp
2025-08-29 08:18:06,908 - Knowledge - INFO - persist search terms embedding for library/include/ActiveSessions.h
2025-08-29 08:18:06,913 - Knowledge - INFO - Found code-base-name: https://github.com/kavia-common/rialto-ocdm-13862.git:kavia-6.0.0-rc1
2025-08-29 08:18:06,914 - Knowledge - INFO - Found code_base: <app.utils.kg_build.knowledge.KnowledgeCodeBase object at 0x7f59a0ad26d0>
2025-08-29 08:18:06,914 - Knowledge - INFO - persist ingested knowledge for /app/data/b2c/13862/b2300uw/rialto-ocdm-13862/library/source/open_cdm_adapter.cpp
2025-08-29 08:18:08,298 - Knowledge - INFO - persist search terms embedding for library/source/open_cdm_adapter.cpp
2025-08-29 08:18:08,302 - Knowledge - INFO - worker kw11 pull /app/data/b2c/13862/b2300uw/rialto-ocdm-13862/tests/ut/OpenCdmExtTests.cpp from ingest queue
2025-08-29 08:18:08,302 - Knowledge - INFO - Thread kw11 - File OpenCdmExtTests.cpp - Remaining files in queue: 22
2025-08-29 08:18:08,302 - Knowledge - INFO - start ingest for /app/data/b2c/13862/b2300uw/rialto-ocdm-13862/tests/ut/OpenCdmExtTests.cpp
2025-08-29 08:18:08,302 - Knowledge - INFO - worker kw14 pull /app/data/b2c/13862/b2300uw/rialto-ocdm-13862/tests/ut/ActiveSessionsTests.cpp from ingest queue
2025-08-29 08:18:08,302 - Knowledge - INFO - Thread kw14 - File ActiveSessionsTests.cpp - Remaining files in queue: 21
2025-08-29 08:18:08,303 - Knowledge - INFO - start ingest for /app/data/b2c/13862/b2300uw/rialto-ocdm-13862/tests/ut/ActiveSessionsTests.cpp
2025-08-29 08:18:17,597 - Knowledge - INFO - done ingest for /app/data/b2c/13862/b2300uw/rialto-ocdm-13862/library/source/RialtoGStreamerEMEProtectionMetadata.cpp
2025-08-29 08:18:17,704 - Knowledge - INFO - process ingested knowledge for /app/data/b2c/13862/b2300uw/rialto-ocdm-13862/library/source/RialtoGStreamerEMEProtectionMetadata.cpp
2025-08-29 08:18:17,704 - Knowledge - INFO - Found code-base-name: https://github.com/kavia-common/rialto-ocdm-13862.git:kavia-6.0.0-rc1
2025-08-29 08:18:17,704 - Knowledge - INFO - Found code_base: <app.utils.kg_build.knowledge.KnowledgeCodeBase object at 0x7f59a0ad26d0>
2025-08-29 08:18:17,704 - Knowledge - INFO - persist ingested knowledge for /app/data/b2c/13862/b2300uw/rialto-ocdm-13862/library/source/RialtoGStreamerEMEProtectionMetadata.cpp
2025-08-29 08:18:19,395 - Knowledge - INFO - done ingest for /app/data/b2c/13862/b2300uw/rialto-ocdm-13862/library/include/RialtoGStreamerEMEProtectionMetadata.h
2025-08-29 08:18:19,503 - Knowledge - INFO - process ingested knowledge for /app/data/b2c/13862/b2300uw/rialto-ocdm-13862/library/include/RialtoGStreamerEMEProtectionMetadata.h
2025-08-29 08:18:19,595 - Knowledge - INFO - persist search terms embedding for library/source/RialtoGStreamerEMEProtectionMetadata.cpp
2025-08-29 08:18:19,597 - Knowledge - INFO - Found code-base-name: https://github.com/kavia-common/rialto-ocdm-13862.git:kavia-6.0.0-rc1
2025-08-29 08:18:19,597 - Knowledge - INFO - Found code_base: <app.utils.kg_build.knowledge.KnowledgeCodeBase object at 0x7f59a0ad26d0>
2025-08-29 08:18:19,597 - Knowledge - INFO - persist ingested knowledge for /app/data/b2c/13862/b2300uw/rialto-ocdm-13862/library/include/RialtoGStreamerEMEProtectionMetadata.h
2025-08-29 08:18:21,092 - Knowledge - INFO - persist search terms embedding for library/include/RialtoGStreamerEMEProtectionMetadata.h
2025-08-29 08:18:21,096 - Knowledge - INFO - worker kw18 pull /app/data/b2c/13862/b2300uw/rialto-ocdm-13862/tests/ut/OpenCdmTests.cpp from ingest queue
2025-08-29 08:18:21,096 - Knowledge - INFO - Thread kw18 - File OpenCdmTests.cpp - Remaining files in queue: 20
2025-08-29 08:18:21,096 - Knowledge - INFO - start ingest for /app/data/b2c/13862/b2300uw/rialto-ocdm-13862/tests/ut/OpenCdmTests.cpp
2025-08-29 08:18:21,098 - Knowledge - INFO - worker kw1 pull /app/data/b2c/13862/b2300uw/rialto-ocdm-13862/tests/ut/CdmBackendTests.cpp from ingest queue
2025-08-29 08:18:21,098 - Knowledge - INFO - Thread kw1 - File CdmBackendTests.cpp - Remaining files in queue: 19
2025-08-29 08:18:21,098 - Knowledge - INFO - start ingest for /app/data/b2c/13862/b2300uw/rialto-ocdm-13862/tests/ut/CdmBackendTests.cpp
2025-08-29 08:18:36,204 - Knowledge - INFO - done ingest for /app/data/b2c/13862/b2300uw/rialto-ocdm-13862/library/include/OpenCDMSystem.h
2025-08-29 08:18:36,303 - Knowledge - INFO - process ingested knowledge for /app/data/b2c/13862/b2300uw/rialto-ocdm-13862/library/include/OpenCDMSystem.h
2025-08-29 08:18:36,303 - Knowledge - INFO - Found code-base-name: https://github.com/kavia-common/rialto-ocdm-13862.git:kavia-6.0.0-rc1
2025-08-29 08:18:36,304 - Knowledge - INFO - Found code_base: <app.utils.kg_build.knowledge.KnowledgeCodeBase object at 0x7f59a0ad26d0>
2025-08-29 08:18:36,304 - Knowledge - INFO - persist ingested knowledge for /app/data/b2c/13862/b2300uw/rialto-ocdm-13862/library/include/OpenCDMSystem.h
2025-08-29 08:18:37,801 - Knowledge - INFO - persist search terms embedding for library/include/OpenCDMSystem.h
2025-08-29 08:18:37,804 - Knowledge - INFO - worker kw19 pull /app/data/b2c/13862/b2300uw/rialto-ocdm-13862/tests/ut/MediaKeysCapabilitiesBackendTests.cpp from ingest queue
2025-08-29 08:18:37,804 - Knowledge - INFO - Thread kw19 - File MediaKeysCapabilitiesBackendTests.cpp - Remaining files in queue: 18
2025-08-29 08:18:37,804 - Knowledge - INFO - start ingest for /app/data/b2c/13862/b2300uw/rialto-ocdm-13862/tests/ut/MediaKeysCapabilitiesBackendTests.cpp
2025-08-29 08:18:48,795 - Knowledge - INFO - done ingest for /app/data/b2c/13862/b2300uw/rialto-ocdm-13862/library/include/Logger.h
2025-08-29 08:18:48,900 - Knowledge - INFO - process ingested knowledge for /app/data/b2c/13862/b2300uw/rialto-ocdm-13862/library/include/Logger.h
2025-08-29 08:18:48,900 - Knowledge - INFO - Found code-base-name: https://github.com/kavia-common/rialto-ocdm-13862.git:kavia-6.0.0-rc1
2025-08-29 08:18:48,900 - Knowledge - INFO - Found code_base: <app.utils.kg_build.knowledge.KnowledgeCodeBase object at 0x7f59a0ad26d0>
2025-08-29 08:18:48,900 - Knowledge - INFO - persist ingested knowledge for /app/data/b2c/13862/b2300uw/rialto-ocdm-13862/library/include/Logger.h
2025-08-29 08:18:50,398 - Knowledge - INFO - persist search terms embedding for library/include/Logger.h
2025-08-29 08:18:50,501 - Knowledge - INFO - worker kw10 pull /app/data/b2c/13862/b2300uw/rialto-ocdm-13862/README.md from ingest queue
2025-08-29 08:18:50,501 - Knowledge - INFO - Thread kw10 - File README.md - Remaining files in queue: 17
2025-08-29 08:18:50,501 - Knowledge - INFO - start ingest for /app/data/b2c/13862/b2300uw/rialto-ocdm-13862/README.md
2025-08-29 08:18:50,621 - Knowledge - INFO - Fast-track processing for simple file: /app/data/b2c/13862/b2300uw/rialto-ocdm-13862/README.md
2025-08-29 08:18:50,621 - Knowledge - INFO - done fast ingest for /app/data/b2c/13862/b2300uw/rialto-ocdm-13862/README.md
2025-08-29 08:18:50,621 - Knowledge - INFO - process ingested knowledge for /app/data/b2c/13862/b2300uw/rialto-ocdm-13862/README.md
2025-08-29 08:18:50,621 - Knowledge - INFO - Found code-base-name: https://github.com/kavia-common/rialto-ocdm-13862.git:kavia-6.0.0-rc1
2025-08-29 08:18:50,621 - Knowledge - INFO - Found code_base: <app.utils.kg_build.knowledge.KnowledgeCodeBase object at 0x7f59a0ad26d0>
2025-08-29 08:18:50,622 - Knowledge - INFO - persist ingested knowledge for /app/data/b2c/13862/b2300uw/rialto-ocdm-13862/README.md
2025-08-29 08:18:51,292 - Knowledge - INFO - worker kw10 pull /app/data/b2c/13862/b2300uw/rialto-ocdm-13862/tests/ut/OpenCdmAdapterTests.cpp from ingest queue
2025-08-29 08:18:51,292 - Knowledge - INFO - Thread kw10 - File OpenCdmAdapterTests.cpp - Remaining files in queue: 16
2025-08-29 08:18:51,293 - Knowledge - INFO - start ingest for /app/data/b2c/13862/b2300uw/rialto-ocdm-13862/tests/ut/OpenCdmAdapterTests.cpp
2025-08-29 08:18:53,905 - Knowledge - INFO - done ingest for /app/data/b2c/13862/b2300uw/rialto-ocdm-13862/library/include/MessageDispatcher.h
2025-08-29 08:18:54,091 - Knowledge - INFO - process ingested knowledge for /app/data/b2c/13862/b2300uw/rialto-ocdm-13862/library/include/MessageDispatcher.h
2025-08-29 08:18:54,092 - Knowledge - INFO - Found code-base-name: https://github.com/kavia-common/rialto-ocdm-13862.git:kavia-6.0.0-rc1
2025-08-29 08:18:54,092 - Knowledge - INFO - Found code_base: <app.utils.kg_build.knowledge.KnowledgeCodeBase object at 0x7f59a0ad26d0>
2025-08-29 08:18:54,092 - Knowledge - INFO - persist ingested knowledge for /app/data/b2c/13862/b2300uw/rialto-ocdm-13862/library/include/MessageDispatcher.h
2025-08-29 08:18:55,494 - Knowledge - INFO - persist search terms embedding for library/include/MessageDispatcher.h
2025-08-29 08:18:55,502 - Knowledge - INFO - worker kw12 pull /app/data/b2c/13862/b2300uw/rialto-ocdm-13862/library/source/CdmBackend.cpp from ingest queue
2025-08-29 08:18:55,502 - Knowledge - INFO - Thread kw12 - File CdmBackend.cpp - Remaining files in queue: 15
2025-08-29 08:18:55,502 - Knowledge - INFO - start ingest for /app/data/b2c/13862/b2300uw/rialto-ocdm-13862/library/source/CdmBackend.cpp
2025-08-29 08:19:11,526 - Knowledge - INFO - done ingest for /app/data/b2c/13862/b2300uw/rialto-ocdm-13862/library/include/OpenCDMSession.h
2025-08-29 08:19:11,805 - Knowledge - INFO - process ingested knowledge for /app/data/b2c/13862/b2300uw/rialto-ocdm-13862/library/include/OpenCDMSession.h
2025-08-29 08:19:11,806 - Knowledge - INFO - Found code-base-name: https://github.com/kavia-common/rialto-ocdm-13862.git:kavia-6.0.0-rc1
2025-08-29 08:19:11,806 - Knowledge - INFO - Found code_base: <app.utils.kg_build.knowledge.KnowledgeCodeBase object at 0x7f59a0ad26d0>
2025-08-29 08:19:11,806 - Knowledge - INFO - persist ingested knowledge for /app/data/b2c/13862/b2300uw/rialto-ocdm-13862/library/include/OpenCDMSession.h
2025-08-29 08:19:13,492 - Knowledge - INFO - persist search terms embedding for library/include/OpenCDMSession.h
2025-08-29 08:19:13,493 - Knowledge - INFO - worker kw6 pull /app/data/b2c/13862/b2300uw/rialto-ocdm-13862/tests/mocks/MediaKeysMock.h from ingest queue
2025-08-29 08:19:13,493 - Knowledge - INFO - Thread kw6 - File MediaKeysMock.h - Remaining files in queue: 14
2025-08-29 08:19:13,493 - Knowledge - INFO - start ingest for /app/data/b2c/13862/b2300uw/rialto-ocdm-13862/tests/mocks/MediaKeysMock.h
2025-08-29 08:19:13,797 - Knowledge - ERROR - _service_ingest_queue had exception  for file /app/data/b2c/13862/b2300uw/rialto-ocdm-13862/scripts/cpplint/cpplint.py
Traceback (most recent call last):
  File "/usr/local/lib/python3.11/asyncio/tasks.py", line 500, in wait_for
    return fut.result()
           ^^^^^^^^^^^^
  File "/app/app/utils/kg_build/knowledge.py", line 1723, in _ingest_file
    response = await llm.llm_interaction_wrapper(
               ^^^^^^^^^^^^^^^^^^^^^^^^^^^^^^^^^^
  File "/usr/local/lib/python3.11/site-packages/llm_wrapper/core/llm_interface.py", line 341, in llm_interaction_wrapper
    completion = await invoke_llm()
                 ^^^^^^^^^^^^^^^^^^
  File "/usr/local/lib/python3.11/site-packages/llm_wrapper/core/llm_interface.py", line 287, in invoke_llm
    return await loop.run_in_executor(None, blocking_call_wrapper)
           ^^^^^^^^^^^^^^^^^^^^^^^^^^^^^^^^^^^^^^^^^^^^^^^^^^^^^^^
asyncio.exceptions.CancelledError

The above exception was the direct cause of the following exception:

Traceback (most recent call last):
  File "/app/app/utils/kg_build/knowledge.py", line 324, in _service_ingest_queue
    file_info = self.loop_worker.run_until_complete(asyncio.wait_for( knowledge._ingest_file(filename, self.mongo_handler), knowledge.timeout))
                ^^^^^^^^^^^^^^^^^^^^^^^^^^^^^^^^^^^^^^^^^^^^^^^^^^^^^^^^^^^^^^^^^^^^^^^^^^^^^^^^^^^^^^^^^^^^^^^^^^^^^^^^^^^^^^^^^^^^^^^^^^^^^^^
  File "/usr/local/lib/python3.11/asyncio/base_events.py", line 654, in run_until_complete
    return future.result()
           ^^^^^^^^^^^^^^^
  File "/usr/local/lib/python3.11/asyncio/tasks.py", line 502, in wait_for
    raise exceptions.TimeoutError() from exc
TimeoutError
2025-08-29 08:19:14,117 - Knowledge - INFO - process ingested knowledge for /app/data/b2c/13862/b2300uw/rialto-ocdm-13862/scripts/cpplint/cpplint.py
2025-08-29 08:19:14,117 - Knowledge - INFO - Found code-base-name: https://github.com/kavia-common/rialto-ocdm-13862.git:kavia-6.0.0-rc1
2025-08-29 08:19:14,117 - Knowledge - INFO - Found code_base: <app.utils.kg_build.knowledge.KnowledgeCodeBase object at 0x7f59a0ad26d0>
2025-08-29 08:19:14,118 - Knowledge - INFO - persist ingested knowledge for /app/data/b2c/13862/b2300uw/rialto-ocdm-13862/scripts/cpplint/cpplint.py
2025-08-29 08:19:14,614 - Knowledge - INFO - worker kw3 pull /app/data/b2c/13862/b2300uw/rialto-ocdm-13862/tests/mocks/ControlMock.h from ingest queue
2025-08-29 08:19:14,614 - Knowledge - INFO - Thread kw3 - File ControlMock.h - Remaining files in queue: 13
2025-08-29 08:19:14,614 - Knowledge - INFO - start ingest for /app/data/b2c/13862/b2300uw/rialto-ocdm-13862/tests/mocks/ControlMock.h
2025-08-29 08:19:17,993 - Knowledge - INFO - done ingest for /app/data/b2c/13862/b2300uw/rialto-ocdm-13862/tests/third-party/source/MediaKeysFactory.cpp
2025-08-29 08:19:18,106 - Knowledge - INFO - process ingested knowledge for /app/data/b2c/13862/b2300uw/rialto-ocdm-13862/tests/third-party/source/MediaKeysFactory.cpp
2025-08-29 08:19:18,106 - Knowledge - INFO - Found code-base-name: https://github.com/kavia-common/rialto-ocdm-13862.git:kavia-6.0.0-rc1
2025-08-29 08:19:18,106 - Knowledge - INFO - Found code_base: <app.utils.kg_build.knowledge.KnowledgeCodeBase object at 0x7f59a0ad26d0>
2025-08-29 08:19:18,106 - Knowledge - INFO - persist ingested knowledge for /app/data/b2c/13862/b2300uw/rialto-ocdm-13862/tests/third-party/source/MediaKeysFactory.cpp
2025-08-29 08:19:19,611 - Knowledge - INFO - persist search terms embedding for tests/third-party/source/MediaKeysFactory.cpp
2025-08-29 08:19:19,614 - Knowledge - INFO - worker kw13 pull /app/data/b2c/13862/b2300uw/rialto-ocdm-13862/tests/mocks/CdmBackendMock.h from ingest queue
2025-08-29 08:19:19,614 - Knowledge - INFO - Thread kw13 - File CdmBackendMock.h - Remaining files in queue: 12
2025-08-29 08:19:19,614 - Knowledge - INFO - start ingest for /app/data/b2c/13862/b2300uw/rialto-ocdm-13862/tests/mocks/CdmBackendMock.h
2025-08-29 08:19:20,711 - Knowledge - INFO - done ingest for /app/data/b2c/13862/b2300uw/rialto-ocdm-13862/library/include/OpenCDMSystemPrivate.h
2025-08-29 08:19:20,904 - Knowledge - INFO - process ingested knowledge for /app/data/b2c/13862/b2300uw/rialto-ocdm-13862/library/include/OpenCDMSystemPrivate.h
2025-08-29 08:19:20,904 - Knowledge - INFO - Found code-base-name: https://github.com/kavia-common/rialto-ocdm-13862.git:kavia-6.0.0-rc1
2025-08-29 08:19:20,905 - Knowledge - INFO - Found code_base: <app.utils.kg_build.knowledge.KnowledgeCodeBase object at 0x7f59a0ad26d0>
2025-08-29 08:19:20,905 - Knowledge - INFO - persist ingested knowledge for /app/data/b2c/13862/b2300uw/rialto-ocdm-13862/library/include/OpenCDMSystemPrivate.h
2025-08-29 08:19:22,118 - Knowledge - INFO - persist search terms embedding for library/include/OpenCDMSystemPrivate.h
2025-08-29 08:19:22,194 - Knowledge - INFO - worker kw2 pull /app/data/b2c/13862/b2300uw/rialto-ocdm-13862/tests/mocks/MessageDispatcherMock.h from ingest queue
2025-08-29 08:19:22,194 - Knowledge - INFO - Thread kw2 - File MessageDispatcherMock.h - Remaining files in queue: 11
2025-08-29 08:19:22,194 - Knowledge - INFO - start ingest for /app/data/b2c/13862/b2300uw/rialto-ocdm-13862/tests/mocks/MessageDispatcherMock.h
2025-08-29 08:19:37,714 - Knowledge - INFO - done ingest for /app/data/b2c/13862/b2300uw/rialto-ocdm-13862/library/source/open_cdm.cpp
2025-08-29 08:19:37,891 - Knowledge - INFO - process ingested knowledge for /app/data/b2c/13862/b2300uw/rialto-ocdm-13862/library/source/open_cdm.cpp
2025-08-29 08:19:37,892 - Knowledge - INFO - Found code-base-name: https://github.com/kavia-common/rialto-ocdm-13862.git:kavia-6.0.0-rc1
2025-08-29 08:19:37,892 - Knowledge - INFO - Found code_base: <app.utils.kg_build.knowledge.KnowledgeCodeBase object at 0x7f59a0ad26d0>
2025-08-29 08:19:37,892 - Knowledge - INFO - persist ingested knowledge for /app/data/b2c/13862/b2300uw/rialto-ocdm-13862/library/source/open_cdm.cpp
2025-08-29 08:19:39,508 - Knowledge - INFO - persist search terms embedding for library/source/open_cdm.cpp
2025-08-29 08:19:39,509 - Knowledge - INFO - worker kw5 pull /app/data/b2c/13862/b2300uw/rialto-ocdm-13862/tests/ut/OpenCdmSystemTests.cpp from ingest queue
2025-08-29 08:19:39,509 - Knowledge - INFO - Thread kw5 - File OpenCdmSystemTests.cpp - Remaining files in queue: 10
2025-08-29 08:19:39,509 - Knowledge - INFO - start ingest for /app/data/b2c/13862/b2300uw/rialto-ocdm-13862/tests/ut/OpenCdmSystemTests.cpp
2025-08-29 08:19:40,496 - Knowledge - INFO - done ingest for /app/data/b2c/13862/b2300uw/rialto-ocdm-13862/library/include/ICdmBackend.h
2025-08-29 08:19:40,611 - Knowledge - INFO - process ingested knowledge for /app/data/b2c/13862/b2300uw/rialto-ocdm-13862/library/include/ICdmBackend.h
2025-08-29 08:19:40,611 - Knowledge - INFO - Found code-base-name: https://github.com/kavia-common/rialto-ocdm-13862.git:kavia-6.0.0-rc1
2025-08-29 08:19:40,611 - Knowledge - INFO - Found code_base: <app.utils.kg_build.knowledge.KnowledgeCodeBase object at 0x7f59a0ad26d0>
2025-08-29 08:19:40,611 - Knowledge - INFO - persist ingested knowledge for /app/data/b2c/13862/b2300uw/rialto-ocdm-13862/library/include/ICdmBackend.h
2025-08-29 08:19:42,104 - Knowledge - INFO - persist search terms embedding for library/include/ICdmBackend.h
2025-08-29 08:19:42,113 - Knowledge - INFO - worker kw17 pull /app/data/b2c/13862/b2300uw/rialto-ocdm-13862/tests/mocks/OpenCDMSessionMock.h from ingest queue
2025-08-29 08:19:42,113 - Knowledge - INFO - Thread kw17 - File OpenCDMSessionMock.h - Remaining files in queue: 9
2025-08-29 08:19:42,113 - Knowledge - INFO - start ingest for /app/data/b2c/13862/b2300uw/rialto-ocdm-13862/tests/mocks/OpenCDMSessionMock.h
2025-08-29 08:19:42,206 - Knowledge - INFO - done ingest for /app/data/b2c/13862/b2300uw/rialto-ocdm-13862/tests/ut/LoggerTests.cpp
2025-08-29 08:19:42,409 - Knowledge - INFO - process ingested knowledge for /app/data/b2c/13862/b2300uw/rialto-ocdm-13862/tests/ut/LoggerTests.cpp
2025-08-29 08:19:42,410 - Knowledge - INFO - Found code-base-name: https://github.com/kavia-common/rialto-ocdm-13862.git:kavia-6.0.0-rc1
2025-08-29 08:19:42,410 - Knowledge - INFO - Found code_base: <app.utils.kg_build.knowledge.KnowledgeCodeBase object at 0x7f59a0ad26d0>
2025-08-29 08:19:42,410 - Knowledge - INFO - persist ingested knowledge for /app/data/b2c/13862/b2300uw/rialto-ocdm-13862/tests/ut/LoggerTests.cpp
2025-08-29 08:19:43,999 - Knowledge - INFO - persist search terms embedding for tests/ut/LoggerTests.cpp
2025-08-29 08:19:44,000 - Knowledge - INFO - worker kw4 pull /app/data/b2c/13862/b2300uw/rialto-ocdm-13862/tests/mocks/MediaKeysCapabilitiesMock.h from ingest queue
2025-08-29 08:19:44,000 - Knowledge - INFO - Thread kw4 - File MediaKeysCapabilitiesMock.h - Remaining files in queue: 8
2025-08-29 08:19:44,000 - Knowledge - INFO - start ingest for /app/data/b2c/13862/b2300uw/rialto-ocdm-13862/tests/mocks/MediaKeysCapabilitiesMock.h
2025-08-29 08:19:48,500 - Knowledge - INFO - done ingest for /app/data/b2c/13862/b2300uw/rialto-ocdm-13862/tests/third-party/source/OcdmSessionsCallbacks.cpp
2025-08-29 08:19:48,626 - Knowledge - INFO - process ingested knowledge for /app/data/b2c/13862/b2300uw/rialto-ocdm-13862/tests/third-party/source/OcdmSessionsCallbacks.cpp
2025-08-29 08:19:48,626 - Knowledge - INFO - Found code-base-name: https://github.com/kavia-common/rialto-ocdm-13862.git:kavia-6.0.0-rc1
2025-08-29 08:19:48,626 - Knowledge - INFO - Found code_base: <app.utils.kg_build.knowledge.KnowledgeCodeBase object at 0x7f59a0ad26d0>
2025-08-29 08:19:48,626 - Knowledge - INFO - persist ingested knowledge for /app/data/b2c/13862/b2300uw/rialto-ocdm-13862/tests/third-party/source/OcdmSessionsCallbacks.cpp
2025-08-29 08:19:50,097 - Knowledge - INFO - persist search terms embedding for tests/third-party/source/OcdmSessionsCallbacks.cpp
2025-08-29 08:19:50,102 - Knowledge - INFO - worker kw16 pull /app/data/b2c/13862/b2300uw/rialto-ocdm-13862/tests/mocks/MessageDispatcherClientMock.h from ingest queue
2025-08-29 08:19:50,102 - Knowledge - INFO - Thread kw16 - File MessageDispatcherClientMock.h - Remaining files in queue: 7
2025-08-29 08:19:50,102 - Knowledge - INFO - start ingest for /app/data/b2c/13862/b2300uw/rialto-ocdm-13862/tests/mocks/MessageDispatcherClientMock.h
2025-08-29 08:20:06,625 - Knowledge - INFO - done ingest for /app/data/b2c/13862/b2300uw/rialto-ocdm-13862/library/source/MessageDispatcher.cpp
2025-08-29 08:20:06,807 - Knowledge - INFO - process ingested knowledge for /app/data/b2c/13862/b2300uw/rialto-ocdm-13862/library/source/MessageDispatcher.cpp
2025-08-29 08:20:06,808 - Knowledge - INFO - Found code-base-name: https://github.com/kavia-common/rialto-ocdm-13862.git:kavia-6.0.0-rc1
2025-08-29 08:20:06,808 - Knowledge - INFO - Found code_base: <app.utils.kg_build.knowledge.KnowledgeCodeBase object at 0x7f59a0ad26d0>
2025-08-29 08:20:06,808 - Knowledge - INFO - persist ingested knowledge for /app/data/b2c/13862/b2300uw/rialto-ocdm-13862/library/source/MessageDispatcher.cpp
2025-08-29 08:20:08,618 - Knowledge - INFO - persist search terms embedding for library/source/MessageDispatcher.cpp
2025-08-29 08:20:08,694 - Knowledge - INFO - worker kw23 pull /app/data/b2c/13862/b2300uw/rialto-ocdm-13862/tests/mocks/CMakeLists.txt from ingest queue
2025-08-29 08:20:08,694 - Knowledge - INFO - Thread kw23 - File CMakeLists.txt - Remaining files in queue: 6
2025-08-29 08:20:08,695 - Knowledge - INFO - start ingest for /app/data/b2c/13862/b2300uw/rialto-ocdm-13862/tests/mocks/CMakeLists.txt
2025-08-29 08:20:08,717 - Knowledge - INFO - Fast-track processing for simple file: /app/data/b2c/13862/b2300uw/rialto-ocdm-13862/tests/mocks/CMakeLists.txt
2025-08-29 08:20:08,717 - Knowledge - INFO - done fast ingest for /app/data/b2c/13862/b2300uw/rialto-ocdm-13862/tests/mocks/CMakeLists.txt
2025-08-29 08:20:08,718 - Knowledge - INFO - process ingested knowledge for /app/data/b2c/13862/b2300uw/rialto-ocdm-13862/tests/mocks/CMakeLists.txt
2025-08-29 08:20:08,718 - Knowledge - INFO - Found code-base-name: https://github.com/kavia-common/rialto-ocdm-13862.git:kavia-6.0.0-rc1
2025-08-29 08:20:08,718 - Knowledge - INFO - Found code_base: <app.utils.kg_build.knowledge.KnowledgeCodeBase object at 0x7f59a0ad26d0>
2025-08-29 08:20:08,718 - Knowledge - INFO - persist ingested knowledge for /app/data/b2c/13862/b2300uw/rialto-ocdm-13862/tests/mocks/CMakeLists.txt
2025-08-29 08:20:09,416 - Knowledge - INFO - worker kw23 pull /app/data/b2c/13862/b2300uw/rialto-ocdm-13862/tests/mocks/OpenCDMSystemMock.h from ingest queue
2025-08-29 08:20:09,416 - Knowledge - INFO - Thread kw23 - File OpenCDMSystemMock.h - Remaining files in queue: 5
2025-08-29 08:20:09,491 - Knowledge - INFO - start ingest for /app/data/b2c/13862/b2300uw/rialto-ocdm-13862/tests/mocks/OpenCDMSystemMock.h
2025-08-29 08:20:15,501 - Knowledge - INFO - done ingest for /app/data/b2c/13862/b2300uw/rialto-ocdm-13862/library/source/OpenCDMSystemPrivate.cpp
2025-08-29 08:20:15,906 - Knowledge - INFO - process ingested knowledge for /app/data/b2c/13862/b2300uw/rialto-ocdm-13862/library/source/OpenCDMSystemPrivate.cpp
2025-08-29 08:20:15,907 - Knowledge - INFO - Found code-base-name: https://github.com/kavia-common/rialto-ocdm-13862.git:kavia-6.0.0-rc1
2025-08-29 08:20:15,907 - Knowledge - INFO - Found code_base: <app.utils.kg_build.knowledge.KnowledgeCodeBase object at 0x7f59a0ad26d0>
2025-08-29 08:20:15,907 - Knowledge - INFO - persist ingested knowledge for /app/data/b2c/13862/b2300uw/rialto-ocdm-13862/library/source/OpenCDMSystemPrivate.cpp
2025-08-29 08:20:17,708 - Knowledge - INFO - persist search terms embedding for library/source/OpenCDMSystemPrivate.cpp
2025-08-29 08:20:17,717 - Knowledge - INFO - worker kw21 pull /app/data/b2c/13862/b2300uw/rialto-ocdm-13862/tests/mocks/OcdmSessionsCallbacksMock.h from ingest queue
2025-08-29 08:20:17,717 - Knowledge - INFO - Thread kw21 - File OcdmSessionsCallbacksMock.h - Remaining files in queue: 4
2025-08-29 08:20:17,717 - Knowledge - INFO - start ingest for /app/data/b2c/13862/b2300uw/rialto-ocdm-13862/tests/mocks/OcdmSessionsCallbacksMock.h
2025-08-29 08:20:21,193 - Knowledge - INFO - done ingest for /app/data/b2c/13862/b2300uw/rialto-ocdm-13862/library/source/MediaKeysCapabilitiesBackend.cpp
2025-08-29 08:20:21,401 - Knowledge - INFO - process ingested knowledge for /app/data/b2c/13862/b2300uw/rialto-ocdm-13862/library/source/MediaKeysCapabilitiesBackend.cpp
2025-08-29 08:20:21,401 - Knowledge - INFO - Found code-base-name: https://github.com/kavia-common/rialto-ocdm-13862.git:kavia-6.0.0-rc1
2025-08-29 08:20:21,401 - Knowledge - INFO - Found code_base: <app.utils.kg_build.knowledge.KnowledgeCodeBase object at 0x7f59a0ad26d0>
2025-08-29 08:20:21,401 - Knowledge - INFO - persist ingested knowledge for /app/data/b2c/13862/b2300uw/rialto-ocdm-13862/library/source/MediaKeysCapabilitiesBackend.cpp
2025-08-29 08:20:22,692 - Knowledge - INFO - persist search terms embedding for library/source/MediaKeysCapabilitiesBackend.cpp
2025-08-29 08:20:22,696 - Knowledge - INFO - worker kw15 pull /app/data/b2c/13862/b2300uw/rialto-ocdm-13862/tests/mocks/MediaKeysClientMock.h from ingest queue
2025-08-29 08:20:22,696 - Knowledge - INFO - Thread kw15 - File MediaKeysClientMock.h - Remaining files in queue: 3
2025-08-29 08:20:22,696 - Knowledge - INFO - start ingest for /app/data/b2c/13862/b2300uw/rialto-ocdm-13862/tests/mocks/MediaKeysClientMock.h
2025-08-29 08:20:44,604 - Knowledge - INFO - done ingest for /app/data/b2c/13862/b2300uw/rialto-ocdm-13862/tests/ut/MessageDispatcherTests.cpp
2025-08-29 08:20:44,794 - Knowledge - INFO - process ingested knowledge for /app/data/b2c/13862/b2300uw/rialto-ocdm-13862/tests/ut/MessageDispatcherTests.cpp
2025-08-29 08:20:44,795 - Knowledge - INFO - Found code-base-name: https://github.com/kavia-common/rialto-ocdm-13862.git:kavia-6.0.0-rc1
2025-08-29 08:20:44,795 - Knowledge - INFO - Found code_base: <app.utils.kg_build.knowledge.KnowledgeCodeBase object at 0x7f59a0ad26d0>
2025-08-29 08:20:44,795 - Knowledge - INFO - persist ingested knowledge for /app/data/b2c/13862/b2300uw/rialto-ocdm-13862/tests/ut/MessageDispatcherTests.cpp
2025-08-29 08:20:46,726 - Knowledge - INFO - persist search terms embedding for tests/ut/MessageDispatcherTests.cpp
2025-08-29 08:20:46,793 - Knowledge - INFO - worker kw8 pull /app/data/b2c/13862/b2300uw/rialto-ocdm-13862/CONTRIBUTING.md from ingest queue
2025-08-29 08:20:46,793 - Knowledge - INFO - Thread kw8 - File CONTRIBUTING.md - Remaining files in queue: 2
2025-08-29 08:20:46,794 - Knowledge - INFO - start ingest for /app/data/b2c/13862/b2300uw/rialto-ocdm-13862/CONTRIBUTING.md
2025-08-29 08:20:46,807 - Knowledge - INFO - Fast-track processing for simple file: /app/data/b2c/13862/b2300uw/rialto-ocdm-13862/CONTRIBUTING.md
2025-08-29 08:20:46,808 - Knowledge - INFO - done fast ingest for /app/data/b2c/13862/b2300uw/rialto-ocdm-13862/CONTRIBUTING.md
2025-08-29 08:20:46,808 - Knowledge - INFO - process ingested knowledge for /app/data/b2c/13862/b2300uw/rialto-ocdm-13862/CONTRIBUTING.md
2025-08-29 08:20:46,808 - Knowledge - INFO - Found code-base-name: https://github.com/kavia-common/rialto-ocdm-13862.git:kavia-6.0.0-rc1
2025-08-29 08:20:46,808 - Knowledge - INFO - Found code_base: <app.utils.kg_build.knowledge.KnowledgeCodeBase object at 0x7f59a0ad26d0>
2025-08-29 08:20:46,808 - Knowledge - INFO - persist ingested knowledge for /app/data/b2c/13862/b2300uw/rialto-ocdm-13862/CONTRIBUTING.md
2025-08-29 08:20:47,608 - Knowledge - INFO - worker kw8 pull /app/data/b2c/13862/b2300uw/rialto-ocdm-13862/build_ut.py from ingest queue
2025-08-29 08:20:47,609 - Knowledge - INFO - Thread kw8 - File build_ut.py - Remaining files in queue: 1
2025-08-29 08:20:47,609 - Knowledge - INFO - start ingest for /app/data/b2c/13862/b2300uw/rialto-ocdm-13862/build_ut.py
2025-08-29 08:20:52,611 - Knowledge - INFO - done ingest for /app/data/b2c/13862/b2300uw/rialto-ocdm-13862/tests/mocks/MessageDispatcherClientMock.h
2025-08-29 08:20:52,795 - Knowledge - INFO - process ingested knowledge for /app/data/b2c/13862/b2300uw/rialto-ocdm-13862/tests/mocks/MessageDispatcherClientMock.h
2025-08-29 08:20:52,795 - Knowledge - INFO - Found code-base-name: https://github.com/kavia-common/rialto-ocdm-13862.git:kavia-6.0.0-rc1
2025-08-29 08:20:52,796 - Knowledge - INFO - Found code_base: <app.utils.kg_build.knowledge.KnowledgeCodeBase object at 0x7f59a0ad26d0>
2025-08-29 08:20:52,796 - Knowledge - INFO - persist ingested knowledge for /app/data/b2c/13862/b2300uw/rialto-ocdm-13862/tests/mocks/MessageDispatcherClientMock.h
2025-08-29 08:20:54,410 - Knowledge - INFO - done ingest for /app/data/b2c/13862/b2300uw/rialto-ocdm-13862/tests/mocks/MessageDispatcherMock.h
2025-08-29 08:20:54,592 - Knowledge - INFO - persist search terms embedding for tests/mocks/MessageDispatcherClientMock.h
2025-08-29 08:20:54,594 - Knowledge - INFO - worker kw16 pull /app/data/b2c/13862/b2300uw/rialto-ocdm-13862/CHANGELOG.md from ingest queue
2025-08-29 08:20:54,594 - Knowledge - INFO - Thread kw16 - File CHANGELOG.md - Remaining files in queue: 0
2025-08-29 08:20:54,595 - Knowledge - INFO - start ingest for /app/data/b2c/13862/b2300uw/rialto-ocdm-13862/CHANGELOG.md
2025-08-29 08:20:54,694 - Knowledge - INFO - Fast-track processing for simple file: /app/data/b2c/13862/b2300uw/rialto-ocdm-13862/CHANGELOG.md
2025-08-29 08:20:54,694 - Knowledge - INFO - done fast ingest for /app/data/b2c/13862/b2300uw/rialto-ocdm-13862/CHANGELOG.md
2025-08-29 08:20:54,694 - Knowledge - INFO - process ingested knowledge for /app/data/b2c/13862/b2300uw/rialto-ocdm-13862/CHANGELOG.md
2025-08-29 08:20:54,695 - Knowledge - INFO - Found code-base-name: https://github.com/kavia-common/rialto-ocdm-13862.git:kavia-6.0.0-rc1
2025-08-29 08:20:54,695 - Knowledge - INFO - Found code_base: <app.utils.kg_build.knowledge.KnowledgeCodeBase object at 0x7f59a0ad26d0>
2025-08-29 08:20:54,695 - Knowledge - INFO - persist ingested knowledge for /app/data/b2c/13862/b2300uw/rialto-ocdm-13862/CHANGELOG.md
2025-08-29 08:20:54,809 - Knowledge - INFO - process ingested knowledge for /app/data/b2c/13862/b2300uw/rialto-ocdm-13862/tests/mocks/MessageDispatcherMock.h
2025-08-29 08:20:55,505 - Knowledge - INFO - Found code-base-name: https://github.com/kavia-common/rialto-ocdm-13862.git:kavia-6.0.0-rc1
2025-08-29 08:20:55,505 - Knowledge - INFO - Found code_base: <app.utils.kg_build.knowledge.KnowledgeCodeBase object at 0x7f59a0ad26d0>
2025-08-29 08:20:55,505 - Knowledge - INFO - persist ingested knowledge for /app/data/b2c/13862/b2300uw/rialto-ocdm-13862/tests/mocks/MessageDispatcherMock.h
2025-08-29 08:20:57,220 - Knowledge - INFO - persist search terms embedding for tests/mocks/MessageDispatcherMock.h
2025-08-29 08:21:04,400 - Knowledge - INFO - done ingest for /app/data/b2c/13862/b2300uw/rialto-ocdm-13862/tests/mocks/ControlMock.h
2025-08-29 08:21:04,623 - Knowledge - INFO - process ingested knowledge for /app/data/b2c/13862/b2300uw/rialto-ocdm-13862/tests/mocks/ControlMock.h
2025-08-29 08:21:04,703 - Knowledge - INFO - Found code-base-name: https://github.com/kavia-common/rialto-ocdm-13862.git:kavia-6.0.0-rc1
2025-08-29 08:21:04,704 - Knowledge - INFO - Found code_base: <app.utils.kg_build.knowledge.KnowledgeCodeBase object at 0x7f59a0ad26d0>
2025-08-29 08:21:04,704 - Knowledge - INFO - persist ingested knowledge for /app/data/b2c/13862/b2300uw/rialto-ocdm-13862/tests/mocks/ControlMock.h
2025-08-29 08:21:06,298 - Knowledge - INFO - persist search terms embedding for tests/mocks/ControlMock.h
2025-08-29 08:21:09,514 - Knowledge - INFO - done ingest for /app/data/b2c/13862/b2300uw/rialto-ocdm-13862/library/source/Logger.cpp
2025-08-29 08:21:09,901 - Knowledge - INFO - process ingested knowledge for /app/data/b2c/13862/b2300uw/rialto-ocdm-13862/library/source/Logger.cpp
2025-08-29 08:21:09,916 - Knowledge - INFO - Found code-base-name: https://github.com/kavia-common/rialto-ocdm-13862.git:kavia-6.0.0-rc1
2025-08-29 08:21:09,917 - Knowledge - INFO - Found code_base: <app.utils.kg_build.knowledge.KnowledgeCodeBase object at 0x7f59a0ad26d0>
2025-08-29 08:21:09,917 - Knowledge - INFO - persist ingested knowledge for /app/data/b2c/13862/b2300uw/rialto-ocdm-13862/library/source/Logger.cpp
2025-08-29 08:21:12,207 - Knowledge - INFO - persist search terms embedding for library/source/Logger.cpp
2025-08-29 08:21:12,303 - Knowledge - INFO - done ingest for /app/data/b2c/13862/b2300uw/rialto-ocdm-13862/library/include/CdmBackend.h
2025-08-29 08:21:12,616 - Knowledge - INFO - process ingested knowledge for /app/data/b2c/13862/b2300uw/rialto-ocdm-13862/library/include/CdmBackend.h
2025-08-29 08:21:12,793 - Knowledge - INFO - Found code-base-name: https://github.com/kavia-common/rialto-ocdm-13862.git:kavia-6.0.0-rc1
2025-08-29 08:21:12,793 - Knowledge - INFO - Found code_base: <app.utils.kg_build.knowledge.KnowledgeCodeBase object at 0x7f59a0ad26d0>
2025-08-29 08:21:12,793 - Knowledge - INFO - persist ingested knowledge for /app/data/b2c/13862/b2300uw/rialto-ocdm-13862/library/include/CdmBackend.h
2025-08-29 08:21:14,307 - Knowledge - INFO - persist search terms embedding for library/include/CdmBackend.h
2025-08-29 08:21:16,602 - Knowledge - INFO - done ingest for /app/data/b2c/13862/b2300uw/rialto-ocdm-13862/tests/ut/ActiveSessionsTests.cpp
2025-08-29 08:21:16,806 - Knowledge - INFO - process ingested knowledge for /app/data/b2c/13862/b2300uw/rialto-ocdm-13862/tests/ut/ActiveSessionsTests.cpp
2025-08-29 08:21:16,899 - Knowledge - INFO - Found code-base-name: https://github.com/kavia-common/rialto-ocdm-13862.git:kavia-6.0.0-rc1
2025-08-29 08:21:16,899 - Knowledge - INFO - Found code_base: <app.utils.kg_build.knowledge.KnowledgeCodeBase object at 0x7f59a0ad26d0>
2025-08-29 08:21:16,899 - Knowledge - INFO - persist ingested knowledge for /app/data/b2c/13862/b2300uw/rialto-ocdm-13862/tests/ut/ActiveSessionsTests.cpp
2025-08-29 08:21:18,511 - Knowledge - INFO - persist search terms embedding for tests/ut/ActiveSessionsTests.cpp
2025-08-29 08:21:27,824 - Knowledge - INFO - done ingest for /app/data/b2c/13862/b2300uw/rialto-ocdm-13862/library/include/OpenCDMSessionPrivate.h
2025-08-29 08:21:28,111 - Knowledge - INFO - process ingested knowledge for /app/data/b2c/13862/b2300uw/rialto-ocdm-13862/library/include/OpenCDMSessionPrivate.h
2025-08-29 08:21:28,120 - Knowledge - INFO - Found code-base-name: https://github.com/kavia-common/rialto-ocdm-13862.git:kavia-6.0.0-rc1
2025-08-29 08:21:28,120 - Knowledge - INFO - Found code_base: <app.utils.kg_build.knowledge.KnowledgeCodeBase object at 0x7f59a0ad26d0>
2025-08-29 08:21:28,120 - Knowledge - INFO - persist ingested knowledge for /app/data/b2c/13862/b2300uw/rialto-ocdm-13862/library/include/OpenCDMSessionPrivate.h
2025-08-29 08:21:30,513 - Knowledge - INFO - persist search terms embedding for library/include/OpenCDMSessionPrivate.h
2025-08-29 08:21:30,813 - Knowledge - INFO - done ingest for /app/data/b2c/13862/b2300uw/rialto-ocdm-13862/tests/ut/MediaKeysCapabilitiesBackendTests.cpp
2025-08-29 08:21:31,102 - Knowledge - INFO - process ingested knowledge for /app/data/b2c/13862/b2300uw/rialto-ocdm-13862/tests/ut/MediaKeysCapabilitiesBackendTests.cpp
2025-08-29 08:21:31,199 - Knowledge - INFO - Found code-base-name: https://github.com/kavia-common/rialto-ocdm-13862.git:kavia-6.0.0-rc1
2025-08-29 08:21:31,200 - Knowledge - INFO - Found code_base: <app.utils.kg_build.knowledge.KnowledgeCodeBase object at 0x7f59a0ad26d0>
2025-08-29 08:21:31,200 - Knowledge - INFO - persist ingested knowledge for /app/data/b2c/13862/b2300uw/rialto-ocdm-13862/tests/ut/MediaKeysCapabilitiesBackendTests.cpp
2025-08-29 08:21:32,895 - Knowledge - INFO - persist search terms embedding for tests/ut/MediaKeysCapabilitiesBackendTests.cpp
2025-08-29 08:21:41,219 - Knowledge - INFO - done ingest for /app/data/b2c/13862/b2300uw/rialto-ocdm-13862/tests/ut/OpenCdmAdapterTests.cpp
2025-08-29 08:21:41,492 - Knowledge - INFO - process ingested knowledge for /app/data/b2c/13862/b2300uw/rialto-ocdm-13862/tests/ut/OpenCdmAdapterTests.cpp
2025-08-29 08:21:41,615 - Knowledge - INFO - Found code-base-name: https://github.com/kavia-common/rialto-ocdm-13862.git:kavia-6.0.0-rc1
2025-08-29 08:21:41,615 - Knowledge - INFO - Found code_base: <app.utils.kg_build.knowledge.KnowledgeCodeBase object at 0x7f59a0ad26d0>
2025-08-29 08:21:41,615 - Knowledge - INFO - persist ingested knowledge for /app/data/b2c/13862/b2300uw/rialto-ocdm-13862/tests/ut/OpenCdmAdapterTests.cpp
2025-08-29 08:21:44,115 - Knowledge - INFO - persist search terms embedding for tests/ut/OpenCdmAdapterTests.cpp
2025-08-29 08:22:08,293 - Knowledge - INFO - done ingest for /app/data/b2c/13862/b2300uw/rialto-ocdm-13862/tests/mocks/MediaKeysCapabilitiesMock.h
2025-08-29 08:22:08,294 - Knowledge - INFO - done ingest for /app/data/b2c/13862/b2300uw/rialto-ocdm-13862/tests/mocks/MediaKeysClientMock.h
2025-08-29 08:22:08,402 - Knowledge - INFO - process ingested knowledge for /app/data/b2c/13862/b2300uw/rialto-ocdm-13862/tests/mocks/MediaKeysCapabilitiesMock.h
2025-08-29 08:22:08,503 - Knowledge - INFO - process ingested knowledge for /app/data/b2c/13862/b2300uw/rialto-ocdm-13862/tests/mocks/MediaKeysClientMock.h
2025-08-29 08:22:09,003 - Knowledge - INFO - Found code-base-name: https://github.com/kavia-common/rialto-ocdm-13862.git:kavia-6.0.0-rc1
2025-08-29 08:22:09,003 - Knowledge - INFO - Found code_base: <app.utils.kg_build.knowledge.KnowledgeCodeBase object at 0x7f59a0ad26d0>
2025-08-29 08:22:09,003 - Knowledge - INFO - persist ingested knowledge for /app/data/b2c/13862/b2300uw/rialto-ocdm-13862/tests/mocks/MediaKeysCapabilitiesMock.h
2025-08-29 08:22:09,904 - Knowledge - INFO - done ingest for /app/data/b2c/13862/b2300uw/rialto-ocdm-13862/tests/ut/OpenCdmSessionTests.cpp
2025-08-29 08:22:10,013 - Knowledge - INFO - process ingested knowledge for /app/data/b2c/13862/b2300uw/rialto-ocdm-13862/tests/ut/OpenCdmSessionTests.cpp
2025-08-29 08:22:11,298 - Knowledge - INFO - persist search terms embedding for tests/mocks/MediaKeysCapabilitiesMock.h
2025-08-29 08:22:11,306 - Knowledge - INFO - Found code-base-name: https://github.com/kavia-common/rialto-ocdm-13862.git:kavia-6.0.0-rc1
2025-08-29 08:22:11,307 - Knowledge - INFO - Found code_base: <app.utils.kg_build.knowledge.KnowledgeCodeBase object at 0x7f59a0ad26d0>
2025-08-29 08:22:11,307 - Knowledge - INFO - persist ingested knowledge for /app/data/b2c/13862/b2300uw/rialto-ocdm-13862/tests/mocks/MediaKeysClientMock.h
2025-08-29 08:22:11,316 - Knowledge - INFO - Found code-base-name: https://github.com/kavia-common/rialto-ocdm-13862.git:kavia-6.0.0-rc1
2025-08-29 08:22:11,316 - Knowledge - INFO - Found code_base: <app.utils.kg_build.knowledge.KnowledgeCodeBase object at 0x7f59a0ad26d0>
2025-08-29 08:22:11,316 - Knowledge - INFO - persist ingested knowledge for /app/data/b2c/13862/b2300uw/rialto-ocdm-13862/tests/ut/OpenCdmSessionTests.cpp
2025-08-29 08:22:11,992 - Knowledge - INFO - done ingest for /app/data/b2c/13862/b2300uw/rialto-ocdm-13862/tests/mocks/OcdmSessionsCallbacksMock.h
2025-08-29 08:22:12,115 - Knowledge - INFO - process ingested knowledge for /app/data/b2c/13862/b2300uw/rialto-ocdm-13862/tests/mocks/OcdmSessionsCallbacksMock.h
2025-08-29 08:22:12,996 - Knowledge - INFO - persist search terms embedding for tests/mocks/MediaKeysClientMock.h
2025-08-29 08:22:14,991 - Knowledge - INFO - persist search terms embedding for tests/ut/OpenCdmSessionTests.cpp
2025-08-29 08:22:14,998 - Knowledge - INFO - Found code-base-name: https://github.com/kavia-common/rialto-ocdm-13862.git:kavia-6.0.0-rc1
2025-08-29 08:22:14,998 - Knowledge - INFO - Found code_base: <app.utils.kg_build.knowledge.KnowledgeCodeBase object at 0x7f59a0ad26d0>
2025-08-29 08:22:14,998 - Knowledge - INFO - persist ingested knowledge for /app/data/b2c/13862/b2300uw/rialto-ocdm-13862/tests/mocks/OcdmSessionsCallbacksMock.h
2025-08-29 08:22:16,496 - Knowledge - INFO - persist search terms embedding for tests/mocks/OcdmSessionsCallbacksMock.h
2025-08-29 08:22:22,802 - Knowledge - INFO - done ingest for /app/data/b2c/13862/b2300uw/rialto-ocdm-13862/library/source/open_cdm_ext.cpp
2025-08-29 08:22:22,908 - Knowledge - INFO - process ingested knowledge for /app/data/b2c/13862/b2300uw/rialto-ocdm-13862/library/source/open_cdm_ext.cpp
2025-08-29 08:22:23,008 - Knowledge - INFO - Found code-base-name: https://github.com/kavia-common/rialto-ocdm-13862.git:kavia-6.0.0-rc1
2025-08-29 08:22:23,008 - Knowledge - INFO - Found code_base: <app.utils.kg_build.knowledge.KnowledgeCodeBase object at 0x7f59a0ad26d0>
2025-08-29 08:22:23,009 - Knowledge - INFO - persist ingested knowledge for /app/data/b2c/13862/b2300uw/rialto-ocdm-13862/library/source/open_cdm_ext.cpp
2025-08-29 08:22:24,513 - Knowledge - INFO - persist search terms embedding for library/source/open_cdm_ext.cpp
2025-08-29 08:22:39,492 - Knowledge - INFO - done ingest for /app/data/b2c/13862/b2300uw/rialto-ocdm-13862/tests/mocks/MediaKeysMock.h
2025-08-29 08:22:39,600 - Knowledge - INFO - done ingest for /app/data/b2c/13862/b2300uw/rialto-ocdm-13862/tests/mocks/CdmBackendMock.h
2025-08-29 08:22:39,700 - Knowledge - INFO - process ingested knowledge for /app/data/b2c/13862/b2300uw/rialto-ocdm-13862/tests/mocks/MediaKeysMock.h
2025-08-29 08:22:39,710 - Knowledge - INFO - process ingested knowledge for /app/data/b2c/13862/b2300uw/rialto-ocdm-13862/tests/mocks/CdmBackendMock.h
2025-08-29 08:22:40,008 - Knowledge - INFO - Found code-base-name: https://github.com/kavia-common/rialto-ocdm-13862.git:kavia-6.0.0-rc1
2025-08-29 08:22:40,008 - Knowledge - INFO - Found code_base: <app.utils.kg_build.knowledge.KnowledgeCodeBase object at 0x7f59a0ad26d0>
2025-08-29 08:22:40,008 - Knowledge - INFO - persist ingested knowledge for /app/data/b2c/13862/b2300uw/rialto-ocdm-13862/tests/mocks/MediaKeysMock.h
2025-08-29 08:22:40,116 - Knowledge - INFO - Found code-base-name: https://github.com/kavia-common/rialto-ocdm-13862.git:kavia-6.0.0-rc1
2025-08-29 08:22:40,116 - Knowledge - INFO - Found code_base: <app.utils.kg_build.knowledge.KnowledgeCodeBase object at 0x7f59a0ad26d0>
2025-08-29 08:22:40,116 - Knowledge - INFO - persist ingested knowledge for /app/data/b2c/13862/b2300uw/rialto-ocdm-13862/tests/mocks/CdmBackendMock.h
2025-08-29 08:22:41,894 - Knowledge - INFO - persist search terms embedding for tests/mocks/CdmBackendMock.h
2025-08-29 08:22:43,508 - Knowledge - INFO - done ingest for /app/data/b2c/13862/b2300uw/rialto-ocdm-13862/build_ut.py
2025-08-29 08:22:43,693 - Knowledge - INFO - process ingested knowledge for /app/data/b2c/13862/b2300uw/rialto-ocdm-13862/build_ut.py
2025-08-29 08:22:43,897 - Knowledge - INFO - persist search terms embedding for tests/mocks/MediaKeysMock.h
2025-08-29 08:22:44,095 - Knowledge - INFO - Found code-base-name: https://github.com/kavia-common/rialto-ocdm-13862.git:kavia-6.0.0-rc1
2025-08-29 08:22:44,095 - Knowledge - INFO - Found code_base: <app.utils.kg_build.knowledge.KnowledgeCodeBase object at 0x7f59a0ad26d0>
2025-08-29 08:22:44,095 - Knowledge - INFO - persist ingested knowledge for /app/data/b2c/13862/b2300uw/rialto-ocdm-13862/build_ut.py
2025-08-29 08:22:45,695 - Knowledge - INFO - persist search terms embedding for build_ut.py
2025-08-29 08:22:56,214 - Knowledge - INFO - done ingest for /app/data/b2c/13862/b2300uw/rialto-ocdm-13862/tests/mocks/OpenCDMSystemMock.h
2025-08-29 08:22:56,613 - Knowledge - INFO - process ingested knowledge for /app/data/b2c/13862/b2300uw/rialto-ocdm-13862/tests/mocks/OpenCDMSystemMock.h
2025-08-29 08:22:56,815 - Knowledge - INFO - done ingest for /app/data/b2c/13862/b2300uw/rialto-ocdm-13862/library/source/OpenCDMSessionPrivate.cpp
2025-08-29 08:22:57,015 - Knowledge - INFO - process ingested knowledge for /app/data/b2c/13862/b2300uw/rialto-ocdm-13862/library/source/OpenCDMSessionPrivate.cpp
2025-08-29 08:22:57,095 - Knowledge - INFO - Found code-base-name: https://github.com/kavia-common/rialto-ocdm-13862.git:kavia-6.0.0-rc1
2025-08-29 08:22:57,095 - Knowledge - INFO - Found code_base: <app.utils.kg_build.knowledge.KnowledgeCodeBase object at 0x7f59a0ad26d0>
2025-08-29 08:22:57,095 - Knowledge - INFO - persist ingested knowledge for /app/data/b2c/13862/b2300uw/rialto-ocdm-13862/tests/mocks/OpenCDMSystemMock.h
2025-08-29 08:22:57,194 - Knowledge - INFO - Found code-base-name: https://github.com/kavia-common/rialto-ocdm-13862.git:kavia-6.0.0-rc1
2025-08-29 08:22:57,194 - Knowledge - INFO - Found code_base: <app.utils.kg_build.knowledge.KnowledgeCodeBase object at 0x7f59a0ad26d0>
2025-08-29 08:22:57,194 - Knowledge - INFO - persist ingested knowledge for /app/data/b2c/13862/b2300uw/rialto-ocdm-13862/library/source/OpenCDMSessionPrivate.cpp
2025-08-29 08:22:58,998 - Knowledge - INFO - persist search terms embedding for tests/mocks/OpenCDMSystemMock.h
2025-08-29 08:22:59,795 - Knowledge - INFO - done ingest for /app/data/b2c/13862/b2300uw/rialto-ocdm-13862/tests/ut/OpenCdmSystemTests.cpp
2025-08-29 08:23:00,005 - Knowledge - INFO - process ingested knowledge for /app/data/b2c/13862/b2300uw/rialto-ocdm-13862/tests/ut/OpenCdmSystemTests.cpp
2025-08-29 08:23:00,898 - Knowledge - INFO - persist search terms embedding for library/source/OpenCDMSessionPrivate.cpp
2025-08-29 08:23:01,101 - Knowledge - INFO - Found code-base-name: https://github.com/kavia-common/rialto-ocdm-13862.git:kavia-6.0.0-rc1
2025-08-29 08:23:01,101 - Knowledge - INFO - Found code_base: <app.utils.kg_build.knowledge.KnowledgeCodeBase object at 0x7f59a0ad26d0>
2025-08-29 08:23:01,101 - Knowledge - INFO - persist ingested knowledge for /app/data/b2c/13862/b2300uw/rialto-ocdm-13862/tests/ut/OpenCdmSystemTests.cpp
2025-08-29 08:23:02,803 - Knowledge - INFO - persist search terms embedding for tests/ut/OpenCdmSystemTests.cpp
2025-08-29 08:23:08,994 - Knowledge - INFO - done ingest for /app/data/b2c/13862/b2300uw/rialto-ocdm-13862/tests/mocks/OpenCDMSessionMock.h
2025-08-29 08:23:09,393 - Knowledge - INFO - process ingested knowledge for /app/data/b2c/13862/b2300uw/rialto-ocdm-13862/tests/mocks/OpenCDMSessionMock.h
2025-08-29 08:23:09,602 - Knowledge - INFO - done ingest for /app/data/b2c/13862/b2300uw/rialto-ocdm-13862/tests/ut/CdmBackendTests.cpp
2025-08-29 08:23:09,604 - Knowledge - INFO - Found code-base-name: https://github.com/kavia-common/rialto-ocdm-13862.git:kavia-6.0.0-rc1
2025-08-29 08:23:09,604 - Knowledge - INFO - Found code_base: <app.utils.kg_build.knowledge.KnowledgeCodeBase object at 0x7f59a0ad26d0>
2025-08-29 08:23:09,604 - Knowledge - INFO - persist ingested knowledge for /app/data/b2c/13862/b2300uw/rialto-ocdm-13862/tests/mocks/OpenCDMSessionMock.h
2025-08-29 08:23:09,897 - Knowledge - INFO - process ingested knowledge for /app/data/b2c/13862/b2300uw/rialto-ocdm-13862/tests/ut/CdmBackendTests.cpp
2025-08-29 08:23:11,596 - Knowledge - INFO - persist search terms embedding for tests/mocks/OpenCDMSessionMock.h
2025-08-29 08:23:11,792 - Knowledge - INFO - Found code-base-name: https://github.com/kavia-common/rialto-ocdm-13862.git:kavia-6.0.0-rc1
2025-08-29 08:23:11,792 - Knowledge - INFO - Found code_base: <app.utils.kg_build.knowledge.KnowledgeCodeBase object at 0x7f59a0ad26d0>
2025-08-29 08:23:11,792 - Knowledge - INFO - persist ingested knowledge for /app/data/b2c/13862/b2300uw/rialto-ocdm-13862/tests/ut/CdmBackendTests.cpp
2025-08-29 08:23:13,703 - Knowledge - INFO - persist search terms embedding for tests/ut/CdmBackendTests.cpp
2025-08-29 08:23:19,496 - Knowledge - INFO - done ingest for /app/data/b2c/13862/b2300uw/rialto-ocdm-13862/library/source/CdmBackend.cpp
2025-08-29 08:23:19,798 - Knowledge - INFO - process ingested knowledge for /app/data/b2c/13862/b2300uw/rialto-ocdm-13862/library/source/CdmBackend.cpp
2025-08-29 08:23:20,093 - Knowledge - INFO - Found code-base-name: https://github.com/kavia-common/rialto-ocdm-13862.git:kavia-6.0.0-rc1
2025-08-29 08:23:20,093 - Knowledge - INFO - Found code_base: <app.utils.kg_build.knowledge.KnowledgeCodeBase object at 0x7f59a0ad26d0>
2025-08-29 08:23:20,093 - Knowledge - INFO - persist ingested knowledge for /app/data/b2c/13862/b2300uw/rialto-ocdm-13862/library/source/CdmBackend.cpp
2025-08-29 08:23:22,910 - Knowledge - INFO - persist search terms embedding for library/source/CdmBackend.cpp
2025-08-29 08:23:38,520 - Knowledge - INFO - done ingest for /app/data/b2c/13862/b2300uw/rialto-ocdm-13862/tests/ut/OpenCdmExtTests.cpp
2025-08-29 08:23:38,599 - Knowledge - INFO - done ingest for /app/data/b2c/13862/b2300uw/rialto-ocdm-13862/tests/ut/OpenCdmTests.cpp
2025-08-29 08:23:38,611 - Knowledge - INFO - process ingested knowledge for /app/data/b2c/13862/b2300uw/rialto-ocdm-13862/tests/ut/OpenCdmExtTests.cpp
2025-08-29 08:23:38,612 - Knowledge - INFO - process ingested knowledge for /app/data/b2c/13862/b2300uw/rialto-ocdm-13862/tests/ut/OpenCdmTests.cpp
2025-08-29 08:23:38,613 - Knowledge - INFO - Found code-base-name: https://github.com/kavia-common/rialto-ocdm-13862.git:kavia-6.0.0-rc1
2025-08-29 08:23:38,613 - Knowledge - INFO - Found code_base: <app.utils.kg_build.knowledge.KnowledgeCodeBase object at 0x7f59a0ad26d0>
2025-08-29 08:23:38,613 - Knowledge - INFO - persist ingested knowledge for /app/data/b2c/13862/b2300uw/rialto-ocdm-13862/tests/ut/OpenCdmTests.cpp
2025-08-29 08:23:39,226 - Knowledge - INFO - persist search terms embedding for tests/ut/OpenCdmTests.cpp
2025-08-29 08:23:39,294 - Knowledge - INFO - Found code-base-name: https://github.com/kavia-common/rialto-ocdm-13862.git:kavia-6.0.0-rc1
2025-08-29 08:23:39,294 - Knowledge - INFO - Found code_base: <app.utils.kg_build.knowledge.KnowledgeCodeBase object at 0x7f59a0ad26d0>
2025-08-29 08:23:39,294 - Knowledge - INFO - persist ingested knowledge for /app/data/b2c/13862/b2300uw/rialto-ocdm-13862/tests/ut/OpenCdmExtTests.cpp
2025-08-29 08:23:40,091 - Knowledge - INFO - persist search terms embedding for tests/ut/OpenCdmExtTests.cpp
2025-08-29 08:23:40,095 - Knowledge - INFO - Knowledge creation complete
2025-08-29 08:23:40,097 - Knowledge - INFO - Updating org costs, total cost: 0.0313112
2025-08-29 08:23:40,605 - Knowledge - INFO - Saving knowledge to Redis...
2025-08-29 08:23:40,701 - Knowledge - INFO - Knowledge saved to Redis successfully
2025-08-29 08:46:08,221 - Knowledge - INFO - Redis support added with prefix knowledge:b2300uw:
2025-08-29 08:46:08,891 - Knowledge - INFO - load persisted knowledge: begin
2025-08-29 08:46:10,291 - Knowledge - INFO - Persisted knowledge files in /app/data/b2c/13862/b2300uw/rialto-ocdm-13862/.knowledge have been renamed to use .json
2025-08-29 08:46:10,302 - Knowledge - INFO - Found code-base-name: https://github.com/kavia-common/rialto-ocdm-13862.git:kavia-6.0.0-rc1
2025-08-29 08:46:10,302 - Knowledge - INFO - Found code_base: <app.utils.kg_build.knowledge.KnowledgeCodeBase object at 0x7f7270178d10>
2025-08-29 08:46:10,302 - Knowledge - INFO - process ingested knowledge for /app/data/b2c/13862/b2300uw/rialto-ocdm-13862/library/include/ActiveSessions.h
2025-08-29 08:46:10,307 - Knowledge - INFO - Found code-base-name: https://github.com/kavia-common/rialto-ocdm-13862.git:kavia-6.0.0-rc1
2025-08-29 08:46:10,307 - Knowledge - INFO - Found code_base: <app.utils.kg_build.knowledge.KnowledgeCodeBase object at 0x7f7270178d10>
2025-08-29 08:46:10,307 - Knowledge - INFO - process ingested knowledge for /app/data/b2c/13862/b2300uw/rialto-ocdm-13862/tests/mocks/OpenCDMSessionMock.h
2025-08-29 08:46:10,311 - Knowledge - INFO - Found code-base-name: https://github.com/kavia-common/rialto-ocdm-13862.git:kavia-6.0.0-rc1
2025-08-29 08:46:10,311 - Knowledge - INFO - Found code_base: <app.utils.kg_build.knowledge.KnowledgeCodeBase object at 0x7f7270178d10>
2025-08-29 08:46:10,311 - Knowledge - INFO - process ingested knowledge for /app/data/b2c/13862/b2300uw/rialto-ocdm-13862/library/include/OpenCDMSystem.h
2025-08-29 08:46:10,316 - Knowledge - INFO - Found code-base-name: https://github.com/kavia-common/rialto-ocdm-13862.git:kavia-6.0.0-rc1
2025-08-29 08:46:10,316 - Knowledge - INFO - Found code_base: <app.utils.kg_build.knowledge.KnowledgeCodeBase object at 0x7f7270178d10>
2025-08-29 08:46:10,316 - Knowledge - INFO - process ingested knowledge for /app/data/b2c/13862/b2300uw/rialto-ocdm-13862/tests/ut/CMakeLists.txt
2025-08-29 08:46:10,320 - Knowledge - INFO - Found code-base-name: https://github.com/kavia-common/rialto-ocdm-13862.git:kavia-6.0.0-rc1
2025-08-29 08:46:10,320 - Knowledge - INFO - Found code_base: <app.utils.kg_build.knowledge.KnowledgeCodeBase object at 0x7f7270178d10>
2025-08-29 08:46:10,320 - Knowledge - INFO - process ingested knowledge for /app/data/b2c/13862/b2300uw/rialto-ocdm-13862/library/source/ActiveSessions.cpp
2025-08-29 08:46:10,325 - Knowledge - INFO - Found code-base-name: https://github.com/kavia-common/rialto-ocdm-13862.git:kavia-6.0.0-rc1
2025-08-29 08:46:10,325 - Knowledge - INFO - Found code_base: <app.utils.kg_build.knowledge.KnowledgeCodeBase object at 0x7f7270178d10>
2025-08-29 08:46:10,325 - Knowledge - INFO - process ingested knowledge for /app/data/b2c/13862/b2300uw/rialto-ocdm-13862/tests/third-party/source/MediaKeysCapabilitiesFactory.cpp
2025-08-29 08:46:10,329 - Knowledge - INFO - Found code-base-name: https://github.com/kavia-common/rialto-ocdm-13862.git:kavia-6.0.0-rc1
2025-08-29 08:46:10,329 - Knowledge - INFO - Found code_base: <app.utils.kg_build.knowledge.KnowledgeCodeBase object at 0x7f7270178d10>
2025-08-29 08:46:10,329 - Knowledge - INFO - process ingested knowledge for /app/data/b2c/13862/b2300uw/rialto-ocdm-13862/tests/ut/OpenCdmSessionTests.cpp
2025-08-29 08:46:10,334 - Knowledge - INFO - Found code-base-name: https://github.com/kavia-common/rialto-ocdm-13862.git:kavia-6.0.0-rc1
2025-08-29 08:46:10,334 - Knowledge - INFO - Found code_base: <app.utils.kg_build.knowledge.KnowledgeCodeBase object at 0x7f7270178d10>
2025-08-29 08:46:10,334 - Knowledge - INFO - process ingested knowledge for /app/data/b2c/13862/b2300uw/rialto-ocdm-13862/tests/mocks/OcdmSessionsCallbacksMock.h
2025-08-29 08:46:10,338 - Knowledge - INFO - Found code-base-name: https://github.com/kavia-common/rialto-ocdm-13862.git:kavia-6.0.0-rc1
2025-08-29 08:46:10,338 - Knowledge - INFO - Found code_base: <app.utils.kg_build.knowledge.KnowledgeCodeBase object at 0x7f7270178d10>
2025-08-29 08:46:10,339 - Knowledge - INFO - process ingested knowledge for /app/data/b2c/13862/b2300uw/rialto-ocdm-13862/tests/ut/OpenCdmTests.cpp
2025-08-29 08:46:10,343 - Knowledge - INFO - Found code-base-name: https://github.com/kavia-common/rialto-ocdm-13862.git:kavia-6.0.0-rc1
2025-08-29 08:46:10,343 - Knowledge - INFO - Found code_base: <app.utils.kg_build.knowledge.KnowledgeCodeBase object at 0x7f7270178d10>
2025-08-29 08:46:10,344 - Knowledge - INFO - process ingested knowledge for /app/data/b2c/13862/b2300uw/rialto-ocdm-13862/tests/third-party/source/OcdmSessionsCallbacks.cpp
2025-08-29 08:46:10,348 - Knowledge - INFO - Found code-base-name: https://github.com/kavia-common/rialto-ocdm-13862.git:kavia-6.0.0-rc1
2025-08-29 08:46:10,348 - Knowledge - INFO - Found code_base: <app.utils.kg_build.knowledge.KnowledgeCodeBase object at 0x7f7270178d10>
2025-08-29 08:46:10,348 - Knowledge - INFO - process ingested knowledge for /app/data/b2c/13862/b2300uw/rialto-ocdm-13862/tests/mocks/MediaKeysCapabilitiesMock.h
2025-08-29 08:46:10,352 - Knowledge - INFO - Found code-base-name: https://github.com/kavia-common/rialto-ocdm-13862.git:kavia-6.0.0-rc1
2025-08-29 08:46:10,353 - Knowledge - INFO - Found code_base: <app.utils.kg_build.knowledge.KnowledgeCodeBase object at 0x7f7270178d10>
2025-08-29 08:46:10,353 - Knowledge - INFO - process ingested knowledge for /app/data/b2c/13862/b2300uw/rialto-ocdm-13862/tests/mocks/CMakeLists.txt
2025-08-29 08:46:10,357 - Knowledge - INFO - Found code-base-name: https://github.com/kavia-common/rialto-ocdm-13862.git:kavia-6.0.0-rc1
2025-08-29 08:46:10,357 - Knowledge - INFO - Found code_base: <app.utils.kg_build.knowledge.KnowledgeCodeBase object at 0x7f7270178d10>
2025-08-29 08:46:10,357 - Knowledge - INFO - process ingested knowledge for /app/data/b2c/13862/b2300uw/rialto-ocdm-13862/tests/ut/MediaKeysCapabilitiesBackendTests.cpp
2025-08-29 08:46:10,392 - Knowledge - INFO - Found code-base-name: https://github.com/kavia-common/rialto-ocdm-13862.git:kavia-6.0.0-rc1
2025-08-29 08:46:10,392 - Knowledge - INFO - Found code_base: <app.utils.kg_build.knowledge.KnowledgeCodeBase object at 0x7f7270178d10>
2025-08-29 08:46:10,393 - Knowledge - INFO - process ingested knowledge for /app/data/b2c/13862/b2300uw/rialto-ocdm-13862/cmake/googletest.cmake
2025-08-29 08:46:10,399 - Knowledge - INFO - Found code-base-name: https://github.com/kavia-common/rialto-ocdm-13862.git:kavia-6.0.0-rc1
2025-08-29 08:46:10,399 - Knowledge - INFO - Found code_base: <app.utils.kg_build.knowledge.KnowledgeCodeBase object at 0x7f7270178d10>
2025-08-29 08:46:10,399 - Knowledge - INFO - process ingested knowledge for /app/data/b2c/13862/b2300uw/rialto-ocdm-13862/library/include/OpenCDMSessionPrivate.h
2025-08-29 08:46:10,403 - Knowledge - INFO - Found code-base-name: https://github.com/kavia-common/rialto-ocdm-13862.git:kavia-6.0.0-rc1
2025-08-29 08:46:10,403 - Knowledge - INFO - Found code_base: <app.utils.kg_build.knowledge.KnowledgeCodeBase object at 0x7f7270178d10>
2025-08-29 08:46:10,403 - Knowledge - INFO - process ingested knowledge for /app/data/b2c/13862/b2300uw/rialto-ocdm-13862/library/CMakeLists.txt
2025-08-29 08:46:10,407 - Knowledge - INFO - Found code-base-name: https://github.com/kavia-common/rialto-ocdm-13862.git:kavia-6.0.0-rc1
2025-08-29 08:46:10,407 - Knowledge - INFO - Found code_base: <app.utils.kg_build.knowledge.KnowledgeCodeBase object at 0x7f7270178d10>
2025-08-29 08:46:10,407 - Knowledge - INFO - process ingested knowledge for /app/data/b2c/13862/b2300uw/rialto-ocdm-13862/library/include/ICdmBackend.h
2025-08-29 08:46:10,411 - Knowledge - INFO - Found code-base-name: https://github.com/kavia-common/rialto-ocdm-13862.git:kavia-6.0.0-rc1
2025-08-29 08:46:10,411 - Knowledge - INFO - Found code_base: <app.utils.kg_build.knowledge.KnowledgeCodeBase object at 0x7f7270178d10>
2025-08-29 08:46:10,411 - Knowledge - INFO - process ingested knowledge for /app/data/b2c/13862/b2300uw/rialto-ocdm-13862/library/include/IMessageDispatcher.h
2025-08-29 08:46:10,415 - Knowledge - INFO - Found code-base-name: https://github.com/kavia-common/rialto-ocdm-13862.git:kavia-6.0.0-rc1
2025-08-29 08:46:10,415 - Knowledge - INFO - Found code_base: <app.utils.kg_build.knowledge.KnowledgeCodeBase object at 0x7f7270178d10>
2025-08-29 08:46:10,416 - Knowledge - INFO - process ingested knowledge for /app/data/b2c/13862/b2300uw/rialto-ocdm-13862/tests/mocks/MessageDispatcherMock.h
2025-08-29 08:46:10,419 - Knowledge - INFO - Found code-base-name: https://github.com/kavia-common/rialto-ocdm-13862.git:kavia-6.0.0-rc1
2025-08-29 08:46:10,420 - Knowledge - INFO - Found code_base: <app.utils.kg_build.knowledge.KnowledgeCodeBase object at 0x7f7270178d10>
2025-08-29 08:46:10,420 - Knowledge - INFO - process ingested knowledge for /app/data/b2c/13862/b2300uw/rialto-ocdm-13862/tests/mocks/MediaKeysMock.h
2025-08-29 08:46:10,424 - Knowledge - INFO - Found code-base-name: https://github.com/kavia-common/rialto-ocdm-13862.git:kavia-6.0.0-rc1
2025-08-29 08:46:10,424 - Knowledge - INFO - Found code_base: <app.utils.kg_build.knowledge.KnowledgeCodeBase object at 0x7f7270178d10>
2025-08-29 08:46:10,424 - Knowledge - INFO - process ingested knowledge for /app/data/b2c/13862/b2300uw/rialto-ocdm-13862/tests/mocks/CdmBackendMock.h
2025-08-29 08:46:10,429 - Knowledge - INFO - Found code-base-name: https://github.com/kavia-common/rialto-ocdm-13862.git:kavia-6.0.0-rc1
2025-08-29 08:46:10,430 - Knowledge - INFO - Found code_base: <app.utils.kg_build.knowledge.KnowledgeCodeBase object at 0x7f7270178d10>
2025-08-29 08:46:10,430 - Knowledge - INFO - process ingested knowledge for /app/data/b2c/13862/b2300uw/rialto-ocdm-13862/tests/ut/MessageDispatcherTests.cpp
2025-08-29 08:46:10,434 - Knowledge - INFO - Found code-base-name: https://github.com/kavia-common/rialto-ocdm-13862.git:kavia-6.0.0-rc1
2025-08-29 08:46:10,434 - Knowledge - INFO - Found code_base: <app.utils.kg_build.knowledge.KnowledgeCodeBase object at 0x7f7270178d10>
2025-08-29 08:46:10,434 - Knowledge - INFO - process ingested knowledge for /app/data/b2c/13862/b2300uw/rialto-ocdm-13862/TERMS.md
2025-08-29 08:46:10,438 - Knowledge - INFO - Found code-base-name: https://github.com/kavia-common/rialto-ocdm-13862.git:kavia-6.0.0-rc1
2025-08-29 08:46:10,438 - Knowledge - INFO - Found code_base: <app.utils.kg_build.knowledge.KnowledgeCodeBase object at 0x7f7270178d10>
2025-08-29 08:46:10,438 - Knowledge - INFO - process ingested knowledge for /app/data/b2c/13862/b2300uw/rialto-ocdm-13862/library/source/open_cdm_adapter.cpp
2025-08-29 08:46:10,443 - Knowledge - INFO - Found code-base-name: https://github.com/kavia-common/rialto-ocdm-13862.git:kavia-6.0.0-rc1
2025-08-29 08:46:10,443 - Knowledge - INFO - Found code_base: <app.utils.kg_build.knowledge.KnowledgeCodeBase object at 0x7f7270178d10>
2025-08-29 08:46:10,443 - Knowledge - INFO - process ingested knowledge for /app/data/b2c/13862/b2300uw/rialto-ocdm-13862/library/source/open_cdm.cpp
2025-08-29 08:46:10,447 - Knowledge - INFO - Found code-base-name: https://github.com/kavia-common/rialto-ocdm-13862.git:kavia-6.0.0-rc1
2025-08-29 08:46:10,447 - Knowledge - INFO - Found code_base: <app.utils.kg_build.knowledge.KnowledgeCodeBase object at 0x7f7270178d10>
2025-08-29 08:46:10,447 - Knowledge - INFO - process ingested knowledge for /app/data/b2c/13862/b2300uw/rialto-ocdm-13862/scripts/valgrind/process_valgrind_results.py
2025-08-29 08:46:10,451 - Knowledge - INFO - Found code-base-name: https://github.com/kavia-common/rialto-ocdm-13862.git:kavia-6.0.0-rc1
2025-08-29 08:46:10,451 - Knowledge - INFO - Found code_base: <app.utils.kg_build.knowledge.KnowledgeCodeBase object at 0x7f7270178d10>
2025-08-29 08:46:10,452 - Knowledge - INFO - process ingested knowledge for /app/data/b2c/13862/b2300uw/rialto-ocdm-13862/library/source/open_cdm_ext.cpp
2025-08-29 08:46:10,456 - Knowledge - INFO - Found code-base-name: https://github.com/kavia-common/rialto-ocdm-13862.git:kavia-6.0.0-rc1
2025-08-29 08:46:10,456 - Knowledge - INFO - Found code_base: <app.utils.kg_build.knowledge.KnowledgeCodeBase object at 0x7f7270178d10>
2025-08-29 08:46:10,456 - Knowledge - INFO - process ingested knowledge for /app/data/b2c/13862/b2300uw/rialto-ocdm-13862/tests/ut/CdmBackendTests.cpp
2025-08-29 08:46:10,460 - Knowledge - INFO - Found code-base-name: https://github.com/kavia-common/rialto-ocdm-13862.git:kavia-6.0.0-rc1
2025-08-29 08:46:10,460 - Knowledge - INFO - Found code_base: <app.utils.kg_build.knowledge.KnowledgeCodeBase object at 0x7f7270178d10>
2025-08-29 08:46:10,461 - Knowledge - INFO - process ingested knowledge for /app/data/b2c/13862/b2300uw/rialto-ocdm-13862/library/source/OpenCDMSessionPrivate.cpp
2025-08-29 08:46:10,495 - Knowledge - INFO - Found code-base-name: https://github.com/kavia-common/rialto-ocdm-13862.git:kavia-6.0.0-rc1
2025-08-29 08:46:10,495 - Knowledge - INFO - Found code_base: <app.utils.kg_build.knowledge.KnowledgeCodeBase object at 0x7f7270178d10>
2025-08-29 08:46:10,495 - Knowledge - INFO - process ingested knowledge for /app/data/b2c/13862/b2300uw/rialto-ocdm-13862/CMakeLists.txt
2025-08-29 08:46:10,499 - Knowledge - INFO - Found code-base-name: https://github.com/kavia-common/rialto-ocdm-13862.git:kavia-6.0.0-rc1
2025-08-29 08:46:10,499 - Knowledge - INFO - Found code_base: <app.utils.kg_build.knowledge.KnowledgeCodeBase object at 0x7f7270178d10>
2025-08-29 08:46:10,500 - Knowledge - INFO - process ingested knowledge for /app/data/b2c/13862/b2300uw/rialto-ocdm-13862/tests/third-party/source/MediaKeysFactory.cpp
2025-08-29 08:46:10,503 - Knowledge - INFO - Found code-base-name: https://github.com/kavia-common/rialto-ocdm-13862.git:kavia-6.0.0-rc1
2025-08-29 08:46:10,504 - Knowledge - INFO - Found code_base: <app.utils.kg_build.knowledge.KnowledgeCodeBase object at 0x7f7270178d10>
2025-08-29 08:46:10,504 - Knowledge - INFO - process ingested knowledge for /app/data/b2c/13862/b2300uw/rialto-ocdm-13862/tests/ut/LoggerTests.cpp
2025-08-29 08:46:10,508 - Knowledge - INFO - Found code-base-name: https://github.com/kavia-common/rialto-ocdm-13862.git:kavia-6.0.0-rc1
2025-08-29 08:46:10,508 - Knowledge - INFO - Found code_base: <app.utils.kg_build.knowledge.KnowledgeCodeBase object at 0x7f7270178d10>
2025-08-29 08:46:10,508 - Knowledge - INFO - process ingested knowledge for /app/data/b2c/13862/b2300uw/rialto-ocdm-13862/library/include/RialtoGStreamerEMEProtectionMetadata.h
2025-08-29 08:46:10,512 - Knowledge - INFO - Found code-base-name: https://github.com/kavia-common/rialto-ocdm-13862.git:kavia-6.0.0-rc1
2025-08-29 08:46:10,512 - Knowledge - INFO - Found code_base: <app.utils.kg_build.knowledge.KnowledgeCodeBase object at 0x7f7270178d10>
2025-08-29 08:46:10,512 - Knowledge - INFO - process ingested knowledge for /app/data/b2c/13862/b2300uw/rialto-ocdm-13862/library/source/CdmBackend.cpp
2025-08-29 08:46:10,516 - Knowledge - INFO - Found code-base-name: https://github.com/kavia-common/rialto-ocdm-13862.git:kavia-6.0.0-rc1
2025-08-29 08:46:10,516 - Knowledge - INFO - Found code_base: <app.utils.kg_build.knowledge.KnowledgeCodeBase object at 0x7f7270178d10>
2025-08-29 08:46:10,516 - Knowledge - INFO - process ingested knowledge for /app/data/b2c/13862/b2300uw/rialto-ocdm-13862/scripts/cpplint/cpplint.py
2025-08-29 08:46:10,521 - Knowledge - INFO - Found code-base-name: https://github.com/kavia-common/rialto-ocdm-13862.git:kavia-6.0.0-rc1
2025-08-29 08:46:10,521 - Knowledge - INFO - Found code_base: <app.utils.kg_build.knowledge.KnowledgeCodeBase object at 0x7f7270178d10>
2025-08-29 08:46:10,521 - Knowledge - INFO - process ingested knowledge for /app/data/b2c/13862/b2300uw/rialto-ocdm-13862/library/source/MessageDispatcher.cpp
2025-08-29 08:46:10,525 - Knowledge - INFO - Found code-base-name: https://github.com/kavia-common/rialto-ocdm-13862.git:kavia-6.0.0-rc1
2025-08-29 08:46:10,525 - Knowledge - INFO - Found code_base: <app.utils.kg_build.knowledge.KnowledgeCodeBase object at 0x7f7270178d10>
2025-08-29 08:46:10,525 - Knowledge - INFO - process ingested knowledge for /app/data/b2c/13862/b2300uw/rialto-ocdm-13862/tests/ut/ActiveSessionsTests.cpp
2025-08-29 08:46:10,529 - Knowledge - INFO - Found code-base-name: https://github.com/kavia-common/rialto-ocdm-13862.git:kavia-6.0.0-rc1
2025-08-29 08:46:10,529 - Knowledge - INFO - Found code_base: <app.utils.kg_build.knowledge.KnowledgeCodeBase object at 0x7f7270178d10>
2025-08-29 08:46:10,530 - Knowledge - INFO - process ingested knowledge for /app/data/b2c/13862/b2300uw/rialto-ocdm-13862/tests/ut/OpenCdmSystemTests.cpp
2025-08-29 08:46:10,533 - Knowledge - INFO - Found code-base-name: https://github.com/kavia-common/rialto-ocdm-13862.git:kavia-6.0.0-rc1
2025-08-29 08:46:10,534 - Knowledge - INFO - Found code_base: <app.utils.kg_build.knowledge.KnowledgeCodeBase object at 0x7f7270178d10>
2025-08-29 08:46:10,534 - Knowledge - INFO - process ingested knowledge for /app/data/b2c/13862/b2300uw/rialto-ocdm-13862/tests/mocks/MediaKeysClientMock.h
2025-08-29 08:46:10,537 - Knowledge - INFO - Found code-base-name: https://github.com/kavia-common/rialto-ocdm-13862.git:kavia-6.0.0-rc1
2025-08-29 08:46:10,537 - Knowledge - INFO - Found code_base: <app.utils.kg_build.knowledge.KnowledgeCodeBase object at 0x7f7270178d10>
2025-08-29 08:46:10,538 - Knowledge - INFO - process ingested knowledge for /app/data/b2c/13862/b2300uw/rialto-ocdm-13862/tests/mocks/MessageDispatcherClientMock.h
2025-08-29 08:46:10,541 - Knowledge - INFO - Found code-base-name: https://github.com/kavia-common/rialto-ocdm-13862.git:kavia-6.0.0-rc1
2025-08-29 08:46:10,542 - Knowledge - INFO - Found code_base: <app.utils.kg_build.knowledge.KnowledgeCodeBase object at 0x7f7270178d10>
2025-08-29 08:46:10,542 - Knowledge - INFO - process ingested knowledge for /app/data/b2c/13862/b2300uw/rialto-ocdm-13862/library/include/MessageDispatcher.h
2025-08-29 08:46:10,546 - Knowledge - INFO - Found code-base-name: https://github.com/kavia-common/rialto-ocdm-13862.git:kavia-6.0.0-rc1
2025-08-29 08:46:10,546 - Knowledge - INFO - Found code_base: <app.utils.kg_build.knowledge.KnowledgeCodeBase object at 0x7f7270178d10>
2025-08-29 08:46:10,546 - Knowledge - INFO - process ingested knowledge for /app/data/b2c/13862/b2300uw/rialto-ocdm-13862/library/source/RialtoGStreamerEMEProtectionMetadata.cpp
2025-08-29 08:46:10,550 - Knowledge - INFO - Found code-base-name: https://github.com/kavia-common/rialto-ocdm-13862.git:kavia-6.0.0-rc1
2025-08-29 08:46:10,550 - Knowledge - INFO - Found code_base: <app.utils.kg_build.knowledge.KnowledgeCodeBase object at 0x7f7270178d10>
2025-08-29 08:46:10,550 - Knowledge - INFO - process ingested knowledge for /app/data/b2c/13862/b2300uw/rialto-ocdm-13862/tests/mocks/OpenCDMSystemMock.h
2025-08-29 08:46:10,554 - Knowledge - INFO - Found code-base-name: https://github.com/kavia-common/rialto-ocdm-13862.git:kavia-6.0.0-rc1
2025-08-29 08:46:10,554 - Knowledge - INFO - Found code_base: <app.utils.kg_build.knowledge.KnowledgeCodeBase object at 0x7f7270178d10>
2025-08-29 08:46:10,555 - Knowledge - INFO - process ingested knowledge for /app/data/b2c/13862/b2300uw/rialto-ocdm-13862/library/include/CdmBackend.h
2025-08-29 08:46:10,596 - Knowledge - INFO - Found code-base-name: https://github.com/kavia-common/rialto-ocdm-13862.git:kavia-6.0.0-rc1
2025-08-29 08:46:10,596 - Knowledge - INFO - Found code_base: <app.utils.kg_build.knowledge.KnowledgeCodeBase object at 0x7f7270178d10>
2025-08-29 08:46:10,596 - Knowledge - INFO - process ingested knowledge for /app/data/b2c/13862/b2300uw/rialto-ocdm-13862/library/source/Logger.cpp
2025-08-29 08:46:10,600 - Knowledge - INFO - Found code-base-name: https://github.com/kavia-common/rialto-ocdm-13862.git:kavia-6.0.0-rc1
2025-08-29 08:46:10,601 - Knowledge - INFO - Found code_base: <app.utils.kg_build.knowledge.KnowledgeCodeBase object at 0x7f7270178d10>
2025-08-29 08:46:10,601 - Knowledge - INFO - process ingested knowledge for /app/data/b2c/13862/b2300uw/rialto-ocdm-13862/tests/ut/OpenCdmExtTests.cpp
2025-08-29 08:46:10,605 - Knowledge - INFO - Found code-base-name: https://github.com/kavia-common/rialto-ocdm-13862.git:kavia-6.0.0-rc1
2025-08-29 08:46:10,606 - Knowledge - INFO - Found code_base: <app.utils.kg_build.knowledge.KnowledgeCodeBase object at 0x7f7270178d10>
2025-08-29 08:46:10,606 - Knowledge - INFO - process ingested knowledge for /app/data/b2c/13862/b2300uw/rialto-ocdm-13862/tests/ut/OpenCdmAdapterTests.cpp
2025-08-29 08:46:10,610 - Knowledge - INFO - Found code-base-name: https://github.com/kavia-common/rialto-ocdm-13862.git:kavia-6.0.0-rc1
2025-08-29 08:46:10,610 - Knowledge - INFO - Found code_base: <app.utils.kg_build.knowledge.KnowledgeCodeBase object at 0x7f7270178d10>
2025-08-29 08:46:10,610 - Knowledge - INFO - process ingested knowledge for /app/data/b2c/13862/b2300uw/rialto-ocdm-13862/README.md
2025-08-29 08:46:10,614 - Knowledge - INFO - Found code-base-name: https://github.com/kavia-common/rialto-ocdm-13862.git:kavia-6.0.0-rc1
2025-08-29 08:46:10,614 - Knowledge - INFO - Found code_base: <app.utils.kg_build.knowledge.KnowledgeCodeBase object at 0x7f7270178d10>
2025-08-29 08:46:10,614 - Knowledge - INFO - process ingested knowledge for /app/data/b2c/13862/b2300uw/rialto-ocdm-13862/scripts/clang-format/process_clang-format_errors.py
2025-08-29 08:46:10,618 - Knowledge - INFO - Found code-base-name: https://github.com/kavia-common/rialto-ocdm-13862.git:kavia-6.0.0-rc1
2025-08-29 08:46:10,618 - Knowledge - INFO - Found code_base: <app.utils.kg_build.knowledge.KnowledgeCodeBase object at 0x7f7270178d10>
2025-08-29 08:46:10,618 - Knowledge - INFO - process ingested knowledge for /app/data/b2c/13862/b2300uw/rialto-ocdm-13862/cppcheck_suppressions.xml
2025-08-29 08:46:10,623 - Knowledge - INFO - Found code-base-name: https://github.com/kavia-common/rialto-ocdm-13862.git:kavia-6.0.0-rc1
2025-08-29 08:46:10,623 - Knowledge - INFO - Found code_base: <app.utils.kg_build.knowledge.KnowledgeCodeBase object at 0x7f7270178d10>
2025-08-29 08:46:10,623 - Knowledge - INFO - process ingested knowledge for /app/data/b2c/13862/b2300uw/rialto-ocdm-13862/library/include/Logger.h
2025-08-29 08:46:10,629 - Knowledge - INFO - Found code-base-name: https://github.com/kavia-common/rialto-ocdm-13862.git:kavia-6.0.0-rc1
2025-08-29 08:46:10,630 - Knowledge - INFO - Found code_base: <app.utils.kg_build.knowledge.KnowledgeCodeBase object at 0x7f7270178d10>
2025-08-29 08:46:10,630 - Knowledge - INFO - process ingested knowledge for /app/data/b2c/13862/b2300uw/rialto-ocdm-13862/library/include/OpenCDMSystemPrivate.h
2025-08-29 08:46:10,634 - Knowledge - INFO - Found code-base-name: https://github.com/kavia-common/rialto-ocdm-13862.git:kavia-6.0.0-rc1
2025-08-29 08:46:10,634 - Knowledge - INFO - Found code_base: <app.utils.kg_build.knowledge.KnowledgeCodeBase object at 0x7f7270178d10>
2025-08-29 08:46:10,634 - Knowledge - INFO - process ingested knowledge for /app/data/b2c/13862/b2300uw/rialto-ocdm-13862/tests/third-party/source/ControlFactory.cpp
2025-08-29 08:46:10,638 - Knowledge - INFO - Found code-base-name: https://github.com/kavia-common/rialto-ocdm-13862.git:kavia-6.0.0-rc1
2025-08-29 08:46:10,638 - Knowledge - INFO - Found code_base: <app.utils.kg_build.knowledge.KnowledgeCodeBase object at 0x7f7270178d10>
2025-08-29 08:46:10,638 - Knowledge - INFO - process ingested knowledge for /app/data/b2c/13862/b2300uw/rialto-ocdm-13862/docs/index.html
2025-08-29 08:46:10,642 - Knowledge - INFO - Found code-base-name: https://github.com/kavia-common/rialto-ocdm-13862.git:kavia-6.0.0-rc1
2025-08-29 08:46:10,642 - Knowledge - INFO - Found code_base: <app.utils.kg_build.knowledge.KnowledgeCodeBase object at 0x7f7270178d10>
2025-08-29 08:46:10,642 - Knowledge - INFO - process ingested knowledge for /app/data/b2c/13862/b2300uw/rialto-ocdm-13862/library/source/MediaKeysCapabilitiesBackend.cpp
2025-08-29 08:46:10,646 - Knowledge - INFO - Found code-base-name: https://github.com/kavia-common/rialto-ocdm-13862.git:kavia-6.0.0-rc1
2025-08-29 08:46:10,646 - Knowledge - INFO - Found code_base: <app.utils.kg_build.knowledge.KnowledgeCodeBase object at 0x7f7270178d10>
2025-08-29 08:46:10,647 - Knowledge - INFO - process ingested knowledge for /app/data/b2c/13862/b2300uw/rialto-ocdm-13862/library/source/OpenCDMSystemPrivate.cpp
2025-08-29 08:46:10,650 - Knowledge - INFO - Found code-base-name: https://github.com/kavia-common/rialto-ocdm-13862.git:kavia-6.0.0-rc1
2025-08-29 08:46:10,650 - Knowledge - INFO - Found code_base: <app.utils.kg_build.knowledge.KnowledgeCodeBase object at 0x7f7270178d10>
2025-08-29 08:46:10,651 - Knowledge - INFO - process ingested knowledge for /app/data/b2c/13862/b2300uw/rialto-ocdm-13862/cmake/FindRialto.cmake
2025-08-29 08:46:10,691 - Knowledge - INFO - Found code-base-name: https://github.com/kavia-common/rialto-ocdm-13862.git:kavia-6.0.0-rc1
2025-08-29 08:46:10,692 - Knowledge - INFO - Found code_base: <app.utils.kg_build.knowledge.KnowledgeCodeBase object at 0x7f7270178d10>
2025-08-29 08:46:10,692 - Knowledge - INFO - process ingested knowledge for /app/data/b2c/13862/b2300uw/rialto-ocdm-13862/library/include/MediaKeysCapabilitiesBackend.h
2025-08-29 08:46:10,696 - Knowledge - INFO - Found code-base-name: https://github.com/kavia-common/rialto-ocdm-13862.git:kavia-6.0.0-rc1
2025-08-29 08:46:10,697 - Knowledge - INFO - Found code_base: <app.utils.kg_build.knowledge.KnowledgeCodeBase object at 0x7f7270178d10>
2025-08-29 08:46:10,697 - Knowledge - INFO - process ingested knowledge for /app/data/b2c/13862/b2300uw/rialto-ocdm-13862/CHANGELOG.md
2025-08-29 08:46:10,701 - Knowledge - INFO - Found code-base-name: https://github.com/kavia-common/rialto-ocdm-13862.git:kavia-6.0.0-rc1
2025-08-29 08:46:10,701 - Knowledge - INFO - Found code_base: <app.utils.kg_build.knowledge.KnowledgeCodeBase object at 0x7f7270178d10>
2025-08-29 08:46:10,701 - Knowledge - INFO - process ingested knowledge for /app/data/b2c/13862/b2300uw/rialto-ocdm-13862/CONTRIBUTING.md
2025-08-29 08:46:10,706 - Knowledge - INFO - Found code-base-name: https://github.com/kavia-common/rialto-ocdm-13862.git:kavia-6.0.0-rc1
2025-08-29 08:46:10,706 - Knowledge - INFO - Found code_base: <app.utils.kg_build.knowledge.KnowledgeCodeBase object at 0x7f7270178d10>
2025-08-29 08:46:10,706 - Knowledge - INFO - process ingested knowledge for /app/data/b2c/13862/b2300uw/rialto-ocdm-13862/library/include/OpenCDMSession.h
2025-08-29 08:46:10,710 - Knowledge - INFO - Found code-base-name: https://github.com/kavia-common/rialto-ocdm-13862.git:kavia-6.0.0-rc1
2025-08-29 08:46:10,710 - Knowledge - INFO - Found code_base: <app.utils.kg_build.knowledge.KnowledgeCodeBase object at 0x7f7270178d10>
2025-08-29 08:46:10,710 - Knowledge - INFO - process ingested knowledge for /app/data/b2c/13862/b2300uw/rialto-ocdm-13862/tests/third-party/CMakeLists.txt
2025-08-29 08:46:10,714 - Knowledge - INFO - Found code-base-name: https://github.com/kavia-common/rialto-ocdm-13862.git:kavia-6.0.0-rc1
2025-08-29 08:46:10,714 - Knowledge - INFO - Found code_base: <app.utils.kg_build.knowledge.KnowledgeCodeBase object at 0x7f7270178d10>
2025-08-29 08:46:10,714 - Knowledge - INFO - process ingested knowledge for /app/data/b2c/13862/b2300uw/rialto-ocdm-13862/tests/mocks/ControlMock.h
2025-08-29 08:46:10,718 - Knowledge - INFO - Found code-base-name: https://github.com/kavia-common/rialto-ocdm-13862.git:kavia-6.0.0-rc1
2025-08-29 08:46:10,718 - Knowledge - INFO - Found code_base: <app.utils.kg_build.knowledge.KnowledgeCodeBase object at 0x7f7270178d10>
2025-08-29 08:46:10,719 - Knowledge - INFO - process ingested knowledge for /app/data/b2c/13862/b2300uw/rialto-ocdm-13862/build_ut.py
2025-08-29 08:46:10,720 - Knowledge - INFO - load persisted knowledge: end
2025-08-29 08:46:10,720 - Knowledge - INFO - load persisted docinfo: begin
2025-08-29 08:46:10,721 - Knowledge - INFO - load persisted docinfo: end
2025-08-29 08:46:10,746 - Knowledge - INFO - worker kw1 created with dedicated MongoDB connection (total: 1)
2025-08-29 08:46:10,747 - Knowledge - INFO - knowledge worker kw1 start
2025-08-29 08:46:10,748 - Knowledge - INFO - Knowledge creation complete
2025-08-29 08:46:10,749 - Knowledge - INFO - Updating org costs, total cost: 0
2025-08-29 08:46:10,799 - Knowledge - INFO - Saving knowledge to Redis...
2025-08-29 08:46:10,832 - Knowledge - INFO - Knowledge saved to Redis successfully
